,t,f,e,s
0,0.0,94.07399024604001,3.9208984e-06,5142864.108277982
1,0.01,113.4860801529,2.7001953000000003e-06,6204089.853965515
2,0.02,106.01989412238001,1.4794922e-06,5795926.236565391
3,0.03,110.49960751998,2.7001953000000003e-06,6040824.504276097
4,0.04,111.99284383643999,2.7001953000000003e-06,6122457.179120805
5,0.05,107.51313043884,4.53125e-06,5877558.9114101
6,0.06,89.59427684844,3.3105468999999998e-06,4897965.840567276
7,0.07,106.01989412238001,1.784668e-06,5795926.236565391
8,0.08,120.95227063163999,6.3623047e-06,6612253.714542218
9,0.09,110.49960751998,3.3105468999999998e-06,6040824.504276097
10,0.1,85.11455900262,2.7001953000000003e-06,4653067.329679992
11,0.11,110.49960751998,3.6157226999999997e-06,6040824.504276097
12,0.12,104.5266533577,-3.4033203e-06,5714293.318544103
13,0.13,107.51313043884,3.6157226999999997e-06,5877558.9114101
14,0.14,120.95227063163999,4.8364257999999995e-06,6612253.714542218
15,0.15,109.0063667553,3.6157226999999997e-06,5959191.586254809
16,0.16,120.95227063163999,5.639648e-07,6612253.714542218
17,0.17,126.92522479392,2.3950195e-06,6938784.900274211
18,0.18,122.44550694809999,5.4467773e-06,6693886.389386927
19,0.19,116.47255723404,3.0053711e-06,6367355.446831511
20,0.2,103.03341704124001,-3.515625e-07,5632660.643699395
21,0.21,104.5266533577,-3.7084961e-06,5714293.318544103
22,0.22,143.35083761964,7.5830078e-06,7836745.053095749
23,0.23,92.58074948136,2.3950195e-06,5061231.190256694
24,0.24,116.47255723404,2.7001953000000003e-06,6367355.446831511
25,0.25,106.01989412238001,2.7001953000000003e-06,5795926.236565391
26,0.26,135.88465158912,-6.567383e-07,7428581.435695624
27,0.27,104.5266533577,4.53125e-06,5714293.318544103
28,0.28,103.03341704124001,3.0053711e-06,5632660.643699395
29,0.29,109.0063667553,2.5878909999999997e-07,5959191.586254809
30,0.3,74.66189589096,3.3105468999999998e-06,4081638.1194138704
31,0.31,111.99284383643999,1.4794922e-06,6122457.179120805
32,0.32,94.07399024604001,4.8364257999999995e-06,5142864.108277982
33,0.33,82.1280863697,2.0898437e-06,4489801.979990574
34,0.34,89.59427684844,4.2260742e-06,4897965.840567276
35,0.35,86.6077997673,3.9208984e-06,4734700.247701279
36,0.36,141.85760130318,5.4467773e-06,7755112.3782510385
37,0.37,225.47892398934,1.4794922e-06,12326547.03308632
38,0.38,268.78282609710004,8.4985352e-06,14693897.278525252
39,0.39,288.19491600396003,2.0898437e-06,15755123.024212785
40,0.4,267.28958533241996,6.3623047e-06,14612264.36050396
41,0.41,282.22196628989997,6.0571289e-06,15428592.081657365
42,0.42,291.1813930851,2.7001953000000003e-06,15918388.617078781
43,0.43,274.75577581116,6.9726562000000005e-06,15020428.221080665
44,0.44,274.75577581116,8.4985352e-06,15020428.221080665
45,0.45,292.67462940155997,8.1933594e-06,16000021.291923488
46,0.46,255.34368145608002,6.3623047e-06,13959202.232216556
47,0.47,270.27606241356,3.3105468999999998e-06,14775529.953369958
48,0.48,280.72872997344,5.4467773e-06,15346959.406812659
49,0.49,276.24901212762,6.667480500000001e-06,15102060.895925375
50,0.5,247.87749542555997,6.0571289e-06,13551038.614816427
51,0.51,258.33015853722,6.3623047e-06,14122467.82508255
52,0.52,249.37073174202,5.1416016e-06,13632671.28966114
53,0.53,240.41130494682002,6.0571289e-06,13142874.754239727
54,0.54,256.83692222075996,5.4467773e-06,14040835.150237838
55,0.55,244.89101834442,5.1416016e-06,13387773.021950431
56,0.56,241.90454126327998,7.5830078e-06,13224507.429084435
57,0.57,238.91806418214,6.0571289e-06,13061241.836218439
58,0.58,216.51949719414,2.3950195e-06,11836750.49766491
59,0.59,220.99921059174,3.9208984e-06,12081648.765375614
60,0.6,212.03978379654,5.4467773e-06,11591852.229954204
61,0.61,226.97216475401999,7.5830078e-06,12408179.951107608
62,0.62,223.98568767287998,1.0939941399999999e-05,12244914.35824161
63,0.63,213.53302011300002,5.4467773e-06,11673484.904798914
64,0.64,219.50597427528,3.9208984e-06,12000016.090530906
65,0.65,216.51949719414,4.8364257999999995e-06,11836750.49766491
66,0.66,192.62768944146,3.0053711e-06,10530626.241090093
67,0.67,182.1750263298,6.0571289e-06,9959197.03082397
68,0.68,188.14797604385998,3.6157226999999997e-06,10285727.973379385
69,0.69,200.09387992019998,4.53125e-06,10938790.101666793
70,0.7,194.12093020614,9.108886700000001e-06,10612259.159111379
71,0.71,186.6547397274,-6.567383e-07,10204095.298534676
72,0.72,165.74940905586,3.9208984e-06,9061236.634825857
73,0.73,177.6953129322,3.6157226999999997e-06,9714298.763113266
74,0.74,183.66826264626002,6.667480500000001e-06,10040829.70566868
75,0.75,174.70883585106,5.1416016e-06,9551033.170247268
76,0.76,185.16150341093999,5.1416016e-06,10122462.623689966
77,0.77,174.70883585106,2.3950195e-06,9551033.170247268
78,0.78,165.74940905586,3.9208984e-06,9061236.634825857
79,0.79,179.18854924866,5.4467773e-06,9795931.437957974
80,0.8,162.76293197472,6.0571289e-06,8897971.04195986
81,0.81,180.68178556512,5.1416016e-06,9877564.112802684
82,0.82,173.2155995346,-3.4033203e-06,9469400.495402558
83,0.83,170.22912245345998,5.1416016e-06,9306134.90253656
84,0.84,164.2561727394,3.9208984e-06,8979603.959981147
85,0.85,155.29674149598,5.4467773e-06,8489807.181383157
86,0.86,170.22912245345998,2.7001953000000003e-06,9306134.90253656
87,0.87,140.36436498672,3.6157226999999997e-06,7673479.703406329
88,0.88,144.84407838432,-2.4877929999999997e-06,7918377.9711170355
89,0.89,129.91169742684,4.2260742e-06,7102050.24996363
90,0.9,149.32379178192,3.0053711e-06,8163276.238827741
91,0.91,138.87112422204,4.2260742e-06,7591846.785385042
92,0.92,158.28321857712,4.8364257999999995e-06,8653072.774249153
93,0.93,146.33731470077998,4.8364257999999995e-06,8000010.645961744
94,0.94,152.31026886305997,3.0053711e-06,8326541.831693736
95,0.95,150.81702809838,2.3950195e-06,8244908.913672451
96,0.96,143.35083761964,5.1416016e-06,7836745.053095749
97,0.97,149.32379178192,2.7001953000000003e-06,8163276.238827741
98,0.98,144.84407838432,4.53125e-06,7918377.9711170355
99,0.99,131.40493819152,3.6157226999999997e-06,7183683.167984917
100,1.0,131.40493819152,5.751953100000001e-06,7183683.167984917
101,1.01,140.36436498672,2.0898437e-06,7673479.703406329
102,1.02,167.24264537232,4.2260742e-06,9142869.309670566
103,1.03,137.37788790558,6.9726562000000005e-06,7510214.110540332
104,1.04,132.89817450798,-3.4033203e-06,7265315.842829627
105,1.05,135.88465158912,2.3950195e-06,7428581.435695624
106,1.06,137.37788790558,-9.619141000000002e-07,7510214.110540332
107,1.07,128.41846111037998,9.4140625e-06,7020417.575118919
108,1.08,120.95227063163999,3.3105468999999998e-06,6612253.714542218
109,1.09,134.39141082444002,3.0053711e-06,7346948.517674337
110,1.1,119.45903431518,1.784668e-06,6530621.039697508
111,1.11,134.39141082444002,2.7001953000000003e-06,7346948.517674337
112,1.12,116.47255723404,3.0053711e-06,6367355.446831511
113,1.13,113.4860801529,3.6157226999999997e-06,6204089.853965515
114,1.14,123.93874771277999,3.9208984e-06,6775519.307408214
115,1.15,109.0063667553,2.7001953000000003e-06,5959191.586254809
116,1.16,132.89817450798,3.0053711e-06,7265315.842829627
117,1.17,129.91169742684,3.3105468999999998e-06,7102050.24996363
118,1.18,123.93874771277999,5.1416016e-06,6775519.307408214
119,1.19,141.85760130318,6.0571289e-06,7755112.3782510385
120,1.2,119.45903431518,4.2260742e-06,6530621.039697508
121,1.21,137.37788790558,4.53125e-06,7510214.110540332
122,1.22,141.85760130318,7.5830078e-06,7755112.3782510385
123,1.23,109.0063667553,3.9208984e-06,5959191.586254809
124,1.24,122.44550694809999,4.2260742e-06,6693886.389386927
125,1.25,110.49960751998,2.3950195e-06,6040824.504276097
126,1.26,135.88465158912,3.3105468999999998e-06,7428581.435695624
127,1.27,98.55370364363999,2.3950195e-06,5387762.375988687
128,1.28,107.51313043884,4.53125e-06,5877558.9114101
129,1.29,129.91169742684,2.7001953000000003e-06,7102050.24996363
130,1.3,114.97932091758001,4.2260742e-06,6285722.771986803
131,1.31,120.95227063163999,2.0898437e-06,6612253.714542218
132,1.32,126.92522479392,3.9208984e-06,6938784.900274211
133,1.33,144.84407838432,2.3950195e-06,7918377.9711170355
134,1.34,120.95227063163999,1.1743164000000001e-06,6612253.714542218
135,1.35,106.01989412238001,5.751953100000001e-06,5795926.236565391
136,1.36,117.9657935505,4.53125e-06,6448988.1216762215
137,1.37,114.97932091758001,2.7001953000000003e-06,6285722.771986803
138,1.38,107.51313043884,5.751953100000001e-06,5877558.9114101
139,1.39,120.95227063163999,4.8364257999999995e-06,6612253.714542218
140,1.4,111.99284383643999,4.8364257999999995e-06,6122457.179120805
141,1.41,91.0875131649,1.784668e-06,4979598.515411985
142,1.42,122.44550694809999,8.691406000000001e-07,6693886.389386927
143,1.43,107.51313043884,3.9208984e-06,5877558.9114101
144,1.44,111.99284383643999,2.3950195e-06,6122457.179120805
145,1.45,80.63484560502,3.3105468999999998e-06,4408169.061969287
146,1.46,116.47255723404,2.3950195e-06,6367355.446831511
147,1.47,110.49960751998,4.2260742e-06,6040824.504276097
148,1.48,86.6077997673,3.9208984e-06,4734700.247701279
149,1.49,122.44550694809999,3.0053711e-06,6693886.389386927
150,1.5,110.49960751998,3.3105468999999998e-06,6040824.504276097
151,1.51,91.0875131649,4.2260742e-06,4979598.515411985
152,1.52,107.51313043884,3.6157226999999997e-06,5877558.9114101
153,1.53,107.51313043884,1.784668e-06,5877558.9114101
154,1.54,116.47255723404,3.3105468999999998e-06,6367355.446831511
155,1.55,100.04693996009999,5.639648e-07,5469395.050833397
156,1.56,106.01989412238001,3.9208984e-06,5795926.236565391
157,1.57,100.04693996009999,3.6157226999999997e-06,5469395.050833397
158,1.58,103.03341704124001,5.639648e-07,5632660.643699395
159,1.59,113.4860801529,2.3950195e-06,6204089.853965515
160,1.6,101.54017627656,3.9208984e-06,5551027.725678107
161,1.61,104.5266533577,3.0053711e-06,5714293.318544103
162,1.62,106.01989412238001,4.2260742e-06,5795926.236565391
163,1.63,111.99284383643999,4.2260742e-06,6122457.179120805
164,1.64,123.93874771277999,3.6157226999999997e-06,6775519.307408214
165,1.65,109.0063667553,2.3950195e-06,5959191.586254809
166,1.66,125.43198402923998,4.8364257999999995e-06,6857151.982252923
167,1.67,101.54017627656,3.3105468999999998e-06,5551027.725678107
168,1.68,86.6077997673,3.9208984e-06,4734700.247701279
169,1.69,109.0063667553,3.3105468999999998e-06,5959191.586254809
170,1.7,100.04693996009999,4.53125e-06,5469395.050833397
171,1.71,104.5266533577,3.0053711e-06,5714293.318544103
172,1.72,103.03341704124001,-3.515625e-07,5632660.643699395
173,1.73,104.5266533577,2.7001953000000003e-06,5714293.318544103
174,1.74,113.4860801529,3.0053711e-06,6204089.853965515
175,1.75,103.03341704124001,8.8037109e-06,5632660.643699395
176,1.76,106.01989412238001,3.6157226999999997e-06,5795926.236565391
177,1.77,98.55370364363999,3.3105468999999998e-06,5387762.375988687
178,1.78,109.0063667553,3.0053711e-06,5959191.586254809
179,1.79,107.51313043884,8.8037109e-06,5877558.9114101
180,1.8,103.03341704124001,2.0898437e-06,5632660.643699395
181,1.81,100.04693996009999,-4.0136719e-06,5469395.050833397
182,1.82,103.03341704124001,-4.6240234e-06,5632660.643699395
183,1.83,101.54017627656,3.6157226999999997e-06,5551027.725678107
184,1.84,120.95227063163999,-4.63867e-08,6612253.714542218
185,1.85,94.07399024604001,3.6157226999999997e-06,5142864.108277982
186,1.86,109.0063667553,3.3105468999999998e-06,5959191.586254809
187,1.87,98.55370364363999,3.0053711e-06,5387762.375988687
188,1.88,119.45903431518,3.3105468999999998e-06,6530621.039697508
189,1.89,114.97932091758001,-9.619141000000002e-07,6285722.771986803
190,1.9,103.03341704124001,1.784668e-06,5632660.643699395
191,1.91,120.95227063163999,1.06347656e-05,6612253.714542218
192,1.92,92.58074948136,3.3105468999999998e-06,5061231.190256694
193,1.93,98.55370364363999,3.3105468999999998e-06,5387762.375988687
194,1.94,101.54017627656,5.4467773e-06,5551027.725678107
195,1.95,95.5672265625,3.0053711e-06,5224496.783122691
196,1.96,110.49960751998,3.3105468999999998e-06,6040824.504276097
197,1.97,98.55370364363999,1.1743164000000001e-06,5387762.375988687
198,1.98,107.51313043884,3.6157226999999997e-06,5877558.9114101
199,1.99,76.15513220742,2.3950195e-06,4163270.7942585796
200,2.0,104.5266533577,3.9208984e-06,5714293.318544103
201,2.01,109.0063667553,1.784668e-06,5959191.586254809
202,2.02,107.51313043884,2.0898437e-06,5877558.9114101
203,2.03,98.55370364363999,5.4467773e-06,5387762.375988687
204,2.04,137.37788790558,3.6157226999999997e-06,7510214.110540332
205,2.05,101.54017627656,3.6157226999999997e-06,5551027.725678107
206,2.06,103.03341704124001,1.784668e-06,5632660.643699395
207,2.07,117.9657935505,2.0898437e-06,6448988.1216762215
208,2.08,101.54017627656,1.0939941399999999e-05,5551027.725678107
209,2.09,109.0063667553,3.0053711e-06,5959191.586254809
210,2.1,97.06046287896,2.3950195e-06,5306129.457967401
211,2.11,98.55370364363999,4.53125e-06,5387762.375988687
212,2.12,98.55370364363999,2.7001953000000003e-06,5387762.375988687
213,2.13,97.06046287896,3.3105468999999998e-06,5306129.457967401
214,2.14,103.03341704124001,9.108886700000001e-06,5632660.643699395
215,2.15,97.06046287896,8.4985352e-06,5306129.457967401
216,2.16,103.03341704124001,3.3105468999999998e-06,5632660.643699395
217,2.17,80.63484560502,2.7001953000000003e-06,4408169.061969287
218,2.18,85.11455900262,-1.2670898e-06,4653067.329679992
219,2.19,104.5266533577,6.667480500000001e-06,5714293.318544103
220,2.2,94.07399024604001,3.6157226999999997e-06,5142864.108277982
221,2.21,97.06046287896,-3.515625e-07,5306129.457967401
222,2.22,122.44550694809999,7.277831999999999e-06,6693886.389386927
223,2.23,97.06046287896,3.6157226999999997e-06,5306129.457967401
224,2.24,104.5266533577,1.784668e-06,5714293.318544103
225,2.25,100.04693996009999,1.4794922e-06,5469395.050833397
226,2.26,119.45903431518,6.0571289e-06,6530621.039697508
227,2.27,109.0063667553,2.3950195e-06,5959191.586254809
228,2.28,106.01989412238001,2.0898437e-06,5795926.236565391
229,2.29,109.0063667553,4.8364257999999995e-06,5959191.586254809
230,2.3,107.51313043884,4.2260742e-06,5877558.9114101
231,2.31,114.97932091758001,3.0053711e-06,6285722.771986803
232,2.32,113.4860801529,3.9208984e-06,6204089.853965515
233,2.33,83.62132268616,2.3950195e-06,4571434.654835283
234,2.34,106.01989412238001,3.3105468999999998e-06,5795926.236565391
235,2.35,92.58074948136,3.9208984e-06,5061231.190256694
236,2.36,107.51313043884,2.7001953000000003e-06,5877558.9114101
237,2.37,82.1280863697,-1.5722656000000001e-06,4489801.979990574
238,2.38,97.06046287896,2.7001953000000003e-06,5306129.457967401
239,2.39,109.0063667553,4.53125e-06,5959191.586254809
240,2.4,101.54017627656,3.6157226999999997e-06,5551027.725678107
241,2.41,101.54017627656,-9.619141000000002e-07,5551027.725678107
242,2.42,89.59427684844,3.0053711e-06,4897965.840567276
243,2.43,95.5672265625,4.53125e-06,5224496.783122691
244,2.44,98.55370364363999,4.2260742e-06,5387762.375988687
245,2.45,98.55370364363999,5.4467773e-06,5387762.375988687
246,2.46,94.07399024604001,4.2260742e-06,5142864.108277982
247,2.47,100.04693996009999,4.8364257999999995e-06,5469395.050833397
248,2.48,94.07399024604001,3.3105468999999998e-06,5142864.108277982
249,2.49,113.4860801529,1.1743164000000001e-06,6204089.853965515
250,2.5,97.06046287896,2.0898437e-06,5306129.457967401
251,2.51,98.55370364363999,2.7001953000000003e-06,5387762.375988687
252,2.52,106.01989412238001,8.691406000000001e-07,5795926.236565391
253,2.53,98.55370364363999,3.6157226999999997e-06,5387762.375988687
254,2.54,116.47255723404,2.7001953000000003e-06,6367355.446831511
255,2.55,73.1686595745,4.2260742e-06,4000005.444569161
256,2.56,95.5672265625,1.4794922e-06,5224496.783122691
257,2.57,73.1686595745,3.3105468999999998e-06,4000005.444569161
258,2.58,91.0875131649,4.2260742e-06,4979598.515411985
259,2.59,109.0063667553,3.6157226999999997e-06,5959191.586254809
260,2.6,101.54017627656,2.0898437e-06,5551027.725678107
261,2.61,103.03341704124001,6.0571289e-06,5632660.643699395
262,2.62,107.51313043884,3.3105468999999998e-06,5877558.9114101
263,2.63,107.51313043884,7.8881836e-06,5877558.9114101
264,2.64,101.54017627656,3.6157226999999997e-06,5551027.725678107
265,2.65,104.5266533577,3.0053711e-06,5714293.318544103
266,2.66,116.47255723404,3.3105468999999998e-06,6367355.446831511
267,2.67,97.06046287896,3.9208984e-06,5306129.457967401
268,2.68,100.04693996009999,3.9208984e-06,5469395.050833397
269,2.69,113.4860801529,3.3105468999999998e-06,6204089.853965515
270,2.7,119.45903431518,3.9208984e-06,6530621.039697508
271,2.71,104.5266533577,5.751953100000001e-06,5714293.318544103
272,2.72,104.5266533577,3.9208984e-06,5714293.318544103
273,2.73,101.54017627656,8.4985352e-06,5551027.725678107
274,2.74,101.54017627656,5.4467773e-06,5551027.725678107
275,2.75,100.04693996009999,-4.6240234e-06,5469395.050833397
276,2.76,103.03341704124001,4.2260742e-06,5632660.643699395
277,2.77,106.01989412238001,3.6157226999999997e-06,5795926.236565391
278,2.78,107.51313043884,2.0898437e-06,5877558.9114101
279,2.79,101.54017627656,5.639648e-07,5551027.725678107
280,2.8,79.14160928856,2.7001953000000003e-06,4326536.387124577
281,2.81,120.95227063163999,2.0898437e-06,6612253.714542218
282,2.82,107.51313043884,3.0053711e-06,5877558.9114101
283,2.83,95.5672265625,3.3105468999999998e-06,5224496.783122691
284,2.84,103.03341704124001,3.3105468999999998e-06,5632660.643699395
285,2.85,100.04693996009999,1.784668e-06,5469395.050833397
286,2.86,91.0875131649,3.0053711e-06,4979598.515411985
287,2.87,113.4860801529,6.667480500000001e-06,6204089.853965515
288,2.88,113.4860801529,2.7001953000000003e-06,6204089.853965515
289,2.89,109.0063667553,2.3950195e-06,5959191.586254809
290,2.9,106.01989412238001,5.4467773e-06,5795926.236565391
291,2.91,88.10103608376,1.1743164000000001e-06,4816332.922545988
292,2.92,110.49960751998,3.3105468999999998e-06,6040824.504276097
293,2.93,100.04693996009999,1.784668e-06,5469395.050833397
294,2.94,104.5266533577,8.1933594e-06,5714293.318544103
295,2.95,91.0875131649,3.9208984e-06,4979598.515411985
296,2.96,100.04693996009999,5.1416016e-06,5469395.050833397
297,2.97,100.04693996009999,3.0053711e-06,5469395.050833397
298,2.98,85.11455900262,1.4794922e-06,4653067.329679992
299,2.99,107.51313043884,-2.4877929999999997e-06,5877558.9114101
300,3.0,100.04693996009999,1.1743164000000001e-06,5469395.050833397
301,3.01,100.04693996009999,3.0053711e-06,5469395.050833397
302,3.02,111.99284383643999,3.3105468999999998e-06,6122457.179120805
303,3.03,61.22275569816,2.3950195e-06,3346943.3162817527
304,3.04,106.01989412238001,3.0053711e-06,5795926.236565391
305,3.05,114.97932091758001,3.9208984e-06,6285722.771986803
306,3.06,120.95227063163999,3.9208984e-06,6612253.714542218
307,3.07,144.84407838432,3.9208984e-06,7918377.9711170355
308,3.08,144.84407838432,2.7001953000000003e-06,7918377.9711170355
309,3.09,161.26969565826,4.2260742e-06,8816338.36711515
310,3.1,156.78998226066003,4.2260742e-06,8571440.099404445
311,3.11,173.2155995346,4.2260742e-06,9469400.495402558
312,3.12,238.91806418214,5.1416016e-06,13061241.836218439
313,3.13,192.62768944146,4.2260742e-06,10530626.241090093
314,3.14,212.03978379654,6.0571289e-06,11591852.229954204
315,3.15,219.50597427528,5.4467773e-06,12000016.090530906
316,3.16,247.87749542555997,1.0939941399999999e-05,13551038.614816427
317,3.17,247.87749542555997,6.3623047e-06,13551038.614816427
318,3.18,271.76929873002,9.719238299999999e-06,14857162.628214668
319,3.19,298.64758356384,5.4467773e-06,16326552.477655482
320,3.2,288.19491600396003,8.1933594e-06,15755123.024212785
321,3.21,330.00557734704,7.8881836e-06,18040840.351630423
322,3.22,331.49881811172,3.9208984e-06,18122473.269651715
323,3.23,344.93795830452007,9.4140625e-06,18857168.07278383
324,3.24,362.85681189492004,9.4140625e-06,19836761.143626656
325,3.25,370.32300237366,8.8037109e-06,20244925.004203357
326,3.26,397.20128720748,8.4985352e-06,21714314.85364417
327,3.27,377.7891928524,9.719238299999999e-06,20653088.864780057
328,3.28,407.65395031914005,8.8037109e-06,22285744.063910294
329,3.29,403.17423692153994,9.4140625e-06,22040845.796199583
330,3.3,418.10661787902,1.61279297e-05,22857173.51735299
331,3.31,443.49166194816,1.03295898e-05,24244930.44877252
332,3.32,449.46461166222,1.06347656e-05,24571461.391327932
333,3.33,447.97137534575995,8.4985352e-06,24489828.71648322
334,3.34,471.86318309844006,1.21606445e-05,25795952.973058045
335,3.35,474.84965573136,1.0939941399999999e-05,25959218.322747458
336,3.36,476.34289649604005,1.4296875e-05,26040851.24076875
337,3.37,482.3158462101,1.12451172e-05,26367382.183324162
338,3.38,500.2346998005,1.06347656e-05,27346975.254166987
339,3.39,549.51155162232,1.00244141e-05,30040856.44216133
340,3.4,536.07241142952,1.3686523400000001e-05,29306161.639029212
341,3.41,539.05888851066,1.06347656e-05,29469427.231895212
342,3.42,561.45745549866,1.82641602e-05,30693918.570448738
343,3.43,570.41688229386,1.49072266e-05,31183715.10587015
344,3.44,583.85602693488,1.58227539e-05,31918410.152178846
345,3.45,613.72078440162,1.49072266e-05,33551065.35130908
346,3.46,609.2410710040199,1.8569335900000002e-05,33306167.083598368
347,3.47,622.6802111968201,1.4296875e-05,34040861.8867305
348,3.48,624.17344751328,1.7043457e-05,34122494.561575204
349,3.49,634.62611507316,1.7348632800000002e-05,34693924.0150179
350,3.5,642.0923055518999,1.64331055e-05,35102087.8755946
351,3.51,671.95706301864,1.82641602e-05,36734743.07472484
352,3.52,680.9164898138399,1.55175781e-05,37224539.61014624
353,3.53,645.0787781848201,1.58227539e-05,35265353.225284025
354,3.54,706.30153388298,1.8874511699999998e-05,38612296.541565776
355,3.55,709.28801096412,1.82641602e-05,38775562.13443177
356,3.56,716.75419699464,1.91796875e-05,39183725.7518319
357,3.57,743.63248182846,1.67382812e-05,40653115.60127271
358,3.58,737.6595321144,2.0095214799999998e-05,40326584.6587173
359,3.59,763.04457618354,1.8874511699999998e-05,41714341.59013682
360,3.6,746.6189589096,1.9790039099999997e-05,40816381.194138706
361,3.61,724.22038747338,1.91796875e-05,39591889.6124086
362,3.62,774.9904800598799,2.22314453e-05,42367403.71842422
363,3.63,786.9363794880001,1.67382812e-05,43020465.60353506
364,3.64,822.77409111702,2.04003906e-05,44979651.988397285
365,3.65,822.77409111702,2.10107422e-05,44979651.988397285
366,3.66,843.6794217885599,2.16210937e-05,46122510.6521061
367,3.67,828.74704083108,2.43676758e-05,45306182.9309527
368,3.68,831.73351791222,2.34521484e-05,45469448.5238187
369,3.69,849.65237150262,2.10107422e-05,46449041.59466152
370,3.7,864.5847524601,2.3146972700000002e-05,47265369.31581493
371,3.71,881.0103697340401,2.6503906200000002e-05,48163329.71181305
372,3.72,912.36836796546,2.55883789e-05,49877617.82896456
373,3.73,904.90217748672,2.49780273e-05,49469453.96838786
374,3.74,886.9833194481,2.34521484e-05,48489860.65436846
375,3.75,903.40893672204,2.52832031e-05,49387821.05036657
376,3.76,975.0843599800801,2.5893554700000004e-05,53306193.82009103
377,3.77,946.7128388298,2.6503906200000002e-05,51755171.2958055
378,3.78,940.7398846675201,2.37573242e-05,51428640.110073514
379,3.79,978.0708326130001,2.6503906200000002e-05,53469459.16978045
380,3.8,984.0437867752802,2.52832031e-05,53795990.35551245
381,3.81,987.03026385642,2.5893554700000004e-05,53959255.94837843
382,3.82,1018.38825763962,2.9555664100000002e-05,55673543.82235337
383,3.83,990.0167364893401,2.8334960899999997e-05,54122521.29806786
384,3.84,1037.8003519947001,2.6809082e-05,56734769.811217494
385,3.85,1034.8138749135599,2.19262695e-05,56571504.21835148
386,3.86,1058.70568266624,2.7724609399999996e-05,57877628.4749263
387,3.87,1052.73272850396,2.8334960899999997e-05,57551097.289194316
388,3.88,1060.1989189827,2.86401367e-05,57959261.14977101
389,3.89,1085.58396305184,2.89453125e-05,59347018.08119055
390,3.9,1090.06367644944,2.86401367e-05,59591916.34890125
391,3.91,1106.4892937233801,3.0166015600000003e-05,60489876.74489937
392,3.92,1112.46224788566,3.0471191400000002e-05,60816407.930631354
393,3.93,1121.42167468086,2.7419433599999997e-05,61306204.46605276
394,3.94,1155.7661455452,3.0471191400000002e-05,63183757.93289371
395,3.95,1154.27290922874,2.9860839800000003e-05,63102125.258049
396,3.96,1154.27290922874,3.0776367200000005e-05,63102125.258049
397,3.97,1161.73909970748,3.16918945e-05,63510289.11862569
398,3.98,1167.7120494215399,3.2302246099999995e-05,63836820.061181106
399,3.99,1202.05652028588,3.535400390000001e-05,65714373.52802205
400,4.0,1211.0159470810802,3.16918945e-05,66204170.063443474
401,4.01,1222.96185095742,3.77954102e-05,66857232.19173087
402,4.02,1233.4145185173,3.29125977e-05,67428661.64517356
403,4.03,1249.84013579124,3.6574707e-05,68326622.0411717
404,4.04,1246.8536587100998,3.32177734e-05,68163356.44830568
405,4.05,1261.78603966758,3.47436523e-05,68979684.1694591
406,4.06,1252.8266128723799,3.44384766e-05,68489887.63403767
407,4.07,1287.1710837367198,3.29125977e-05,70367441.10087861
408,4.08,1282.6913703391199,3.47436523e-05,70122542.83316791
409,4.09,1320.0223182846,3.1081543e-05,72163361.89287485
410,4.1,1321.5155546010599,3.535400390000001e-05,72244994.56771955
411,4.11,1337.941171875,3.6574707e-05,73142954.96371768
412,4.12,1336.4479355585402,3.71850586e-05,73061322.28887297
413,4.13,1334.9546947938597,3.59643555e-05,72979689.37085167
414,4.14,1370.79240642288,3.71850586e-05,74938875.75571391
415,4.15,1376.76535613694,3.8100585899999996e-05,75265406.69826932
416,4.16,1414.09630408242,3.59643555e-05,77306225.75797625
417,4.17,1433.5083984375,3.99316406e-05,78367451.74684037
418,4.18,1396.17745049202,3.77954102e-05,76326632.68713343
419,4.19,1415.5895448471,3.9626464800000005e-05,77387858.67599754
420,4.2,1424.5489716423,3.9626464800000005e-05,77877655.21141896
421,4.21,1451.4272520279,3.47436523e-05,79347044.81768319
422,4.22,1439.48134815156,3.87109375e-05,78693982.68939579
423,4.23,1455.9069654255,3.77954102e-05,79591943.08539389
424,4.24,1475.3190597805801,4.0236816400000004e-05,80653169.07425801
425,4.25,1491.74467705452,4.5119628899999995e-05,81551129.47025612
426,4.26,1461.87991958778,3.90161133e-05,79918474.2711259
427,4.27,1482.78525025932,3.87109375e-05,81061332.93483472
428,4.28,1479.79877317818,4.054199220000001e-05,80898067.34196872
429,4.29,1529.075625,4.1457519500000004e-05,83591948.52996306
430,4.3,1549.98095567154,4.3288574199999996e-05,84734807.19367188
431,4.31,1523.10267528594,4.1762695299999994e-05,83265417.58740765
432,4.32,1570.8862863430802,4.29833984e-05,85877665.85738072
433,4.33,1555.9539053856,4.2678222699999995e-05,85061338.1362273
434,4.34,1584.32542653588,4.359375e-05,86612360.66051282
435,4.35,1573.8727634242198,4.2678222699999995e-05,86040931.45024669
436,4.36,1615.6834247673,4.42041016e-05,88326648.77766433
437,4.37,1609.7104706050202,4.0847167999999997e-05,88000117.59193236
438,4.38,1612.6969476861598,4.45092773e-05,88163383.18479833
439,4.39,1636.5887554388403,4.57299805e-05,89469507.44137317
440,4.4,1623.14961524604,4.5119628899999995e-05,88734812.63824104
441,4.41,1663.46703582444,4.3288574199999996e-05,90938897.0476374
442,4.42,1672.42646261964,4.48144531e-05,91428693.5830588
443,4.43,1678.3994167819199,4.5119628899999995e-05,91755224.7687908
444,4.44,1702.2912245346,4.6340332e-05,93061349.0253656
445,4.45,1705.2776971675203,4.5119628899999995e-05,93224614.37505504
446,4.46,1735.14245908248,4.75610352e-05,94857269.81736185
447,4.47,1706.7709379322,4.60351562e-05,93306247.29307632
448,4.48,1738.1289317154,4.6340332e-05,95020535.16705127
449,4.49,1756.0477897540202,4.6340332e-05,96000128.48107068
450,4.5,1765.00721654922,4.69506836e-05,96489925.01649208
451,4.51,1773.96664334442,4.7255859400000004e-05,96979721.55191348
452,4.52,1772.47340702796,5.0307617199999996e-05,96898088.87706879
453,4.53,1782.92607013962,4.93920898e-05,97469518.0873349
454,4.54,1830.7096856449798,4.87817383e-05,100081766.60048452
455,4.55,1805.32463712762,4.7255859400000004e-05,98694009.42588843
456,4.56,1808.31111420876,5.00024414e-05,98857275.01875444
457,4.57,1803.83140081116,4.6645507800000005e-05,98612376.75104372
458,4.58,1845.64206215424,5.00024414e-05,100898094.07846136
459,4.59,1866.5473928257802,5.00024414e-05,102040952.7421702
460,4.6,1882.97301009972,5.1833496100000005e-05,102938913.1381683
461,4.61,1890.4392005784598,5.0612793e-05,103347076.998745
462,4.62,1905.3715815359399,5.3664550800000004e-05,104163404.7198984
463,4.63,1900.89186369012,5.09179687e-05,103918506.20901114
464,4.64,1920.3039580451998,5.305419919999999e-05,104979732.19787523
465,4.65,1908.3580541688598,5.12231445e-05,104326670.06958781
466,4.66,1945.68900211434,5.305419919999999e-05,106367489.12929475
467,4.67,1941.20928871674,5.244384769999999e-05,106122590.86158405
468,4.68,1930.7566256050798,5.09179687e-05,105551161.65131792
469,4.69,1975.55375958108,5.39697266e-05,108000144.32842499
470,4.7,1988.9929042221,5.09179687e-05,108734839.37473369
471,4.71,2003.9252807313599,5.6105957000000004e-05,109551166.85271052
472,4.72,2009.8982348936402,5.48852539e-05,109877698.03844252
473,4.73,2009.8982348936402,5.4580078099999994e-05,109877698.03844252
474,4.74,2044.24270575798,5.6105957000000004e-05,111755251.50528346
475,4.75,2047.2291828391199,5.519042969999999e-05,111918517.09814943
476,4.76,2083.0668900199203,5.4580078099999994e-05,113877703.23983511
477,4.77,2081.57365370346,5.3664550800000004e-05,113796070.56499039
478,4.78,2047.2291828391199,5.5495605499999996e-05,111918517.09814943
479,4.79,2075.6007039894002,5.76318359e-05,113469539.62243499
480,4.8,2093.5195575798,5.8852539100000004e-05,114449132.6932778
481,4.81,2129.3572647605997,6.12939453e-05,116408318.83496343
482,4.82,2121.8910787300797,5.67163086e-05,116000155.2175633
483,4.83,2111.4384111701997,5.9768066399999995e-05,115428725.76412061
484,4.84,2133.8369826064204,5.8852539100000004e-05,116653217.34585075
485,4.85,2153.24907251328,5.76318359e-05,117714443.09153827
486,4.86,2130.85050552528,5.854736330000001e-05,116489951.75298473
487,4.87,2166.68821270608,5.915771480000001e-05,118449137.89467037
488,4.88,2153.24907251328,5.915771480000001e-05,117714443.09153827
489,4.89,2212.9785918949797,6.15991211e-05,120979753.73297529
490,4.9,2211.4853511303004,5.9768066399999995e-05,120898120.81495404
491,4.91,2232.39068180184,6.5871582e-05,122040979.47866283
492,4.92,2241.35010859704,5.5495605499999996e-05,122530776.01408426
493,4.93,2227.91096840424,6.73974609e-05,121796081.21095213
494,4.94,2245.82982199464,6.12939453e-05,122775674.28179495
495,4.95,2245.82982199464,5.9768066399999995e-05,122775674.28179495
496,4.96,2271.2148705120003,6.15991211e-05,124163431.45639108
497,4.97,2299.5863872140603,6.25146484e-05,125714453.73750003
498,4.98,2268.22839343086,6.09887695e-05,124000165.86352505
499,4.99,2259.26896663566,6.43457031e-05,123510369.32810365
500,5.0,2320.4917178856,6.3125e-05,126857312.40120882
501,5.01,2321.98495865028,6.43457031e-05,126938945.31923012
502,5.02,2336.9173351595405,6.43457031e-05,127755272.79720697
503,5.03,2341.3970485571404,6.43457031e-05,128000171.06491767
504,5.04,2362.3023836769003,6.43457031e-05,129143029.97180305
505,5.05,2369.76856970742,5.8852539100000004e-05,129551193.58920316
506,5.06,2389.1806640625,6.64819336e-05,130612419.57806729
507,5.07,2404.1130450199803,6.64819336e-05,131428747.2992207
508,5.08,2383.20771434844,6.495605469999999e-05,130285888.63551186
509,5.09,2425.0183756915203,6.52612305e-05,132571605.96292952
510,5.1,2429.49808908912,6.922851559999999e-05,132816504.23064022
511,5.11,2469.81550966752,6.983886719999999e-05,135020588.64003655
512,5.12,2439.9507522007802,6.73974609e-05,133387933.44090635
513,5.13,2466.8290370346,6.83129883e-05,134857323.29034713
514,5.14,2468.3222733510606,6.89233398e-05,134938955.9651919
515,5.15,2439.9507522007802,6.86181641e-05,133387933.44090635
516,5.16,2489.2276040225997,6.86181641e-05,136081814.62890068
517,5.17,2510.1329346941397,6.80078125e-05,137224673.29260948
518,5.18,2471.3087504321998,6.922851559999999e-05,135102221.55805784
519,5.19,2542.98416924202,7.0144043e-05,139020594.08460572
520,5.2,2532.5315016821405,7.044921870000001e-05,138449164.63116306
521,5.21,2572.8489267087602,6.86181641e-05,140653249.28373596
522,5.22,2557.9165501995003,7.136474610000001e-05,139836921.80575916
523,5.23,2592.2610210638395,7.0144043e-05,141714475.27260005
524,5.24,2592.2610210638395,7.044921870000001e-05,141714475.27260005
525,5.25,2593.7542573803003,7.07543945e-05,141796107.9474448
526,5.26,2616.15282881652,7.2890625e-05,143020599.5291749
527,5.27,2617.64606513298,6.922851559999999e-05,143102232.20401958
528,5.28,2617.64606513298,7.0144043e-05,143102232.20401958
529,5.29,2647.5108225997196,7.2890625e-05,144734887.4031498
530,5.3,2647.5108225997196,7.35009766e-05,144734887.4031498
531,5.31,2677.37558006646,7.228027339999999e-05,146367542.60228005
532,5.32,2699.7741515026805,7.563720700000001e-05,147592034.1840102
533,5.33,2687.82824762634,7.380615230000001e-05,146938972.05572274
534,5.34,2678.86882083114,6.64819336e-05,146449175.52030134
535,5.35,2695.29443810508,7.411132809999999e-05,147347135.91629946
536,5.36,2716.19976877662,7.533203120000001e-05,148489994.5800083
537,5.37,2723.66595480714,7.44165039e-05,148898158.19740844
538,5.38,2749.0510033245,7.59423828e-05,150285915.3720045
539,5.39,2728.1456726529595,7.563720700000001e-05,149143056.70829567
540,5.4,2752.03747595742,8.20458984e-05,150449180.72169393
541,5.41,2774.43604739364,8.17407227e-05,151673672.30342403
542,5.42,2789.3684239029,7.71630859e-05,152489999.78140086
543,5.43,2784.8887105053,7.655273440000001e-05,152245101.51369017
544,5.44,2796.8346143816398,7.71630859e-05,152898163.64197755
545,5.45,2813.26023165558,7.71630859e-05,153796124.03797567
546,5.46,2828.19261261306,7.807861330000001e-05,154612451.7591291
547,5.47,2856.5641293151198,7.62475586e-05,156163474.04023802
548,5.48,2856.5641293151198,7.807861330000001e-05,156163474.04023802
549,5.49,2853.5776566822,7.83837891e-05,156000208.69054863
550,5.5,2859.5506063962603,7.9909668e-05,156326739.63310406
551,5.51,2875.9762236702,7.868896480000001e-05,157224700.02910215
552,5.52,2919.2801257779597,8.23510742e-05,159592050.27454105
553,5.53,2886.42889123008,7.655273440000001e-05,157796129.48254484
554,5.54,2908.8274582180798,7.9909668e-05,159020620.82109836
555,5.55,2916.2936486968197,7.868896480000001e-05,159428784.68167508
556,5.56,2953.6245966423003,7.89941406e-05,161469603.74138203
557,5.57,2962.5840234375,7.868896480000001e-05,161959400.27680343
558,5.58,2923.75983917556,8.05200195e-05,159836948.5422518
559,5.59,2968.55697315156,8.02148437e-05,162285931.21935886
560,5.6,2986.4758311901805,8.265625e-05,163265524.53337827
561,5.61,3011.8608752593195,7.960449219999999e-05,164653281.46479774
562,5.62,3019.32706573806,8.60131836e-05,165061445.32537445
563,5.63,3020.82030205452,8.784423830000001e-05,165143078.0002192
564,5.64,3038.73915564492,8.540283199999999e-05,166122671.07106203
565,5.65,3020.82030205452,8.35717773e-05,165143078.0002192
566,5.66,3065.61744047874,8.20458984e-05,167592060.9205028
567,5.67,3056.65801368354,8.35717773e-05,167102264.3850814
568,5.68,3089.5092482314203,8.479248050000002e-05,168898185.17707765
569,5.69,3096.97543426194,8.35717773e-05,169306348.79447776
570,5.7,3089.5092482314203,8.387695309999999e-05,168898185.17707765
571,5.71,3108.92133813828,8.479248050000002e-05,169959410.92276517
572,5.72,3104.4416247406803,8.509765619999999e-05,169714512.65505448
573,5.73,3125.34695541222,8.937011720000001e-05,170857371.3187633
574,5.74,3150.73199948136,8.418212890000001e-05,172245128.25018284
575,5.75,3158.1981899601,8.662353519999999e-05,172653292.11075953
576,5.76,3146.2522860837603,8.75390625e-05,172000229.98247212
577,5.77,3158.1981899601,9.303222660000001e-05,172653292.11075953
578,5.78,3183.58323402924,8.784423830000001e-05,174041049.04217905
579,5.79,3207.47504178192,8.81494141e-05,175347173.29875386
580,5.8,3223.90065905586,8.845458980000001e-05,176245133.69475198
581,5.81,3241.81951264626,9.150634769999999e-05,177224726.7655948
582,5.82,3249.285703125,9.42529297e-05,177632890.6261715
583,5.83,3240.3262763298003,8.99804687e-05,177143094.0907501
584,5.84,3268.69779748008,8.479248050000002e-05,178694116.61503562
585,5.85,3273.1775108776806,9.211669919999999e-05,178939014.88274634
586,5.86,3249.285703125,9.059082029999999e-05,177632890.6261715
587,5.87,3294.0828415492197,9.333740230000001e-05,180081873.54645512
588,5.88,3300.0557912632803,9.02856445e-05,180408404.48901057
589,5.89,3313.49493145608,9.089599609999999e-05,181143099.29214266
590,5.9,3334.40026212762,9.02856445e-05,182285957.9558515
591,5.91,3316.48140853722,9.39477539e-05,181306364.88500866
592,5.92,3338.8799799734397,9.2421875e-05,182530856.46673876
593,5.93,3340.3732162899,9.333740230000001e-05,182612489.1415835
594,5.94,3364.26502404258,9.2421875e-05,183918613.3981583
595,5.95,3379.19740055184,8.60131836e-05,184734940.87613514
596,5.96,3401.5959719880602,9.333740230000001e-05,185959432.45786524
597,5.97,3388.1568273470402,9.39477539e-05,185224737.41155654
598,5.98,3418.021589262,9.211669919999999e-05,186857392.85386336
599,5.99,3444.8998696476,9.486328119999999e-05,188326782.4601276
600,6.0,3415.0351121808603,9.333740230000001e-05,186694127.26099738
601,6.01,3426.9810160572,9.76098633e-05,187347189.38928476
602,6.02,3455.35253720748,9.60839844e-05,188898211.91357028
603,6.03,3437.43367916886,9.42529297e-05,187918618.5995509
604,6.04,3480.73758127662,9.63891602e-05,190285968.8449898
605,6.05,3486.71053099068,9.69995117e-05,190612499.78754523
606,6.06,3482.23081759308,9.577880859999999e-05,190367601.51983452
607,6.07,3495.66995778588,9.76098633e-05,191102296.32296664
608,6.08,3516.57528845742,9.54736328e-05,192245154.98667547
609,6.09,3538.97385989364,9.82202148e-05,193469646.56840557
610,6.1,3535.9873828125,9.79150391e-05,193306380.97553957
611,6.11,3547.93328668884,9.91357422e-05,193959443.10382697
612,6.12,3547.93328668884,9.79150391e-05,193959443.10382697
613,6.13,3570.33185367684,9.85253906e-05,195183934.44238052
614,6.14,3592.73042511306,0.00010005126949999999,196408426.02411062
615,6.15,3588.2507117154596,9.91357422e-05,196163527.7563999
616,6.16,3609.156042387,0.0001003564453,197306386.42010874
617,6.17,3630.06137305854,0.00010096679689999999,198449245.08381757
618,6.18,3637.5275590890606,0.00010340820310000002,198857408.7012177
619,6.19,3636.0343227726,0.0001003564453,198775776.02637297
620,6.2,3604.6763289894,9.944091800000001e-05,197061488.15239805
621,6.21,3631.554609375,0.0001015771484,198530877.75866225
622,6.22,3683.8179382779595,0.0001021875,201388024.5395226
623,6.23,3691.28412430848,0.0001052392578,201796188.15692273
624,6.24,3697.2570784707605,0.00010340820310000002,202122719.34265476
625,6.25,3706.21650526596,0.0001021875,202612515.87807614
626,6.26,3730.10831301864,0.00010188232419999999,203918640.13465095
627,6.27,3752.5068800066397,0.0001024926758,205143131.47320446
628,6.28,3745.0406895278998,0.0001024926758,204734967.61262777
629,6.29,3736.0812627327,0.00010310302730000001,204245171.07720637
630,6.3,3733.0947856515604,0.0001021875,204081905.4843404
631,6.31,3761.4663068018403,0.0001043237305,205632928.00862592
632,6.32,3798.79725474732,0.00010676513669999999,207673747.06833282
633,6.33,3782.3716374733795,0.00010127197269999999,206775786.6723347
634,6.34,3804.7702089096006,0.00010462890619999998,208000278.25406486
635,6.35,3813.7296357048003,0.0001070703125,208490074.78948626
636,6.36,3836.1282026928,0.00010615478519999999,209714566.12803978
637,6.37,3855.54029704788,0.00010676513669999999,210775792.11690387
638,6.38,3839.1146797739398,0.0001070703125,209877831.72090575
639,6.39,3864.4997238430806,0.00010584960939999998,211265588.65232533
640,6.4,3864.4997238430806,0.0001089013672,211265588.65232533
641,6.41,3885.4050545146206,0.00010737548830000001,212408447.31603414
642,6.42,3889.88476791222,0.00010676513669999999,212653345.58374482
643,6.43,3909.2968622673,0.0001089013672,213714571.57260895
644,6.44,3898.84419470742,0.00010829101560000001,213143142.11916623
645,6.45,3912.2833393484398,0.00010768066410000001,213877837.16547492
646,6.46,3955.58723700798,0.00011134277339999999,216245187.16773728
647,6.47,3958.5737140891206,0.00010768066410000001,216408452.7606033
648,6.48,3961.5601867220403,0.00011134277339999999,216571718.1102927
649,6.49,3974.9993313630603,0.00010737548830000001,217306413.1566014
650,6.5,3970.5196179654595,0.0001070703125,217061514.88889065
651,6.51,3998.89113466752,0.00011073242189999999,218612537.16999963
652,6.52,4013.8235156250003,0.0001110375977,219428864.89115304
653,6.53,4013.8235156250003,0.0001089013672,219428864.89115304
654,6.54,4028.75589658248,0.00011134277339999999,220245192.61230645
655,6.55,4042.19503677528,0.0001101220703,220979887.41543856
656,6.56,4052.6476998869402,0.00011469970699999999,221551316.62570468
657,6.57,4069.0733171608795,0.00011408935550000001,222449277.02170277
658,6.58,4042.19503677528,0.0001122583008,220979887.41543856
659,6.59,4095.9516019947,0.0001110375977,223918666.8711436
660,6.6,4070.56655792556,0.0001150048828,222530909.9397241
661,6.61,4094.45836123002,0.000118972168,223837033.95312232
662,6.62,4100.4313153923,0.00010584960939999998,224163565.13885432
663,6.63,4128.802836542581,0.0001134790039,225714587.66313988
664,6.64,4166.13378448806,0.00011256347660000001,227755406.72284678
665,6.65,4166.13378448806,0.0001150048828,227755406.72284678
666,6.66,4170.61349788566,0.0001150048828,228000304.99055746
667,6.67,4167.62702080452,0.00012110839839999998,227837039.39769146
668,6.68,4206.45120506646,0.00011866699220000001,229959491.13224313
669,6.69,4207.944445831139,0.0001085961914,230041124.05026436
670,6.7,4193.01206487366,0.0001165307617,229224796.329111
671,6.71,4200.4782553524,0.00011592041019999999,229632960.1896877
672,6.72,4234.82272621674,0.00011622558589999999,231510513.65652865
673,6.73,4230.34301281914,0.0001198876953,231265615.38881797
674,6.74,4254.23482057182,0.0001168359375,232571739.64539275
675,6.75,4248.261866409541,0.00011805664060000002,232245208.4596608
676,6.76,4261.70101105056,0.00011958251949999999,232979903.50596946
677,6.77,4293.05900483376,0.00011805664060000002,234694191.37994438
678,6.78,4293.05900483376,0.00011958251949999999,234694191.37994438
679,6.79,4312.4710991888405,0.00011958251949999999,235755417.36880854
680,6.8,4318.444048902899,0.00011866699220000001,236081948.3113639
681,6.81,4327.4034756981,0.00011958251949999999,236571744.84678534
682,6.82,4343.829092972041,0.000118972168,237469705.2427835
683,6.83,4330.38995277924,0.0001232446289,236735010.43965134
684,6.84,4348.30880636964,0.00011958251949999999,237714603.51049414
685,6.85,4379.666804601061,0.0001269067383,239428891.62764573
686,6.86,4399.07889895614,0.0001171411133,240490117.61650977
687,6.87,4409.5315620678,0.0001232446289,241061546.82677594
688,6.88,4394.59918555854,0.0001201928711,240245219.34879908
689,6.89,4402.06537158906,0.0001247705078,240653382.96619922
690,6.9,4421.47746594414,0.00012171875,241714608.9550633
691,6.91,4446.86251001328,0.0001232446289,243102365.88648286
692,6.92,4409.5315620678,0.00012171875,241061546.82677594
693,6.93,4488.67317135636,0.0001247705078,245388083.2139005
694,6.94,4472.24755408242,0.0001235498047,244490122.81790236
695,6.95,4467.76784068482,0.0001247705078,244245224.55019167
696,6.96,4511.07174279258,0.0001235498047,246612574.7956306
697,6.97,4533.4703097805805,0.00012721191410000002,247837066.13418415
698,6.98,4524.51088298538,0.0001229394531,247347269.5987627
699,6.99,4537.950023178179,0.00012599121089999999,248081964.4018948
700,7.0,4534.96354609704,0.0001256860352,247918698.80902886
701,7.01,4557.36211753326,0.0001278222656,249143190.39075896
702,7.02,4534.96354609704,0.0001247705078,247918698.80902886
703,7.03,4570.801257726061,0.0001284326172,249877885.1938911
704,7.04,4593.19982471406,0.0001284326172,251102376.5324446
705,7.05,4584.24039791886,0.00012721191410000002,250612579.9970232
706,7.06,4546.909449973379,0.0001266015625,248571760.9373162
707,7.07,4624.5578229454795,0.000128737793,252816664.6495961
708,7.08,4633.517249740679,0.0001293481445,253306461.1850175
709,7.09,4643.96991730056,0.0001284326172,253877890.63846025
710,7.1,4648.44963069816,0.00012965332029999998,254122788.90617093
711,7.11,4663.38200720742,0.0001269067383,254939116.3841478
712,7.12,4667.86172060502,0.0001284326172,255184014.65185848
713,7.13,4675.32791108376,0.000128737793,255592178.51243517
714,7.14,4706.68590931518,0.00012965332029999998,257306466.62958667
715,7.15,4693.246769122379,0.0001308740234,256571771.82645452
716,7.16,4703.69943223404,0.0001317895508,257143201.03672066
717,7.17,4733.56418970078,0.00013239990230000002,258775856.23585093
718,7.18,4739.537143863061,0.0001308740234,259102387.42158297
719,7.19,4781.347805206139,0.0001320947266,261388104.74900052
720,7.2,4760.4424745346005,0.00013270507810000002,260245246.08529177
721,7.21,4775.374851043861,0.00013239990230000002,261061573.5632686
722,7.22,4803.746372194139,0.0001345361328,262612596.08755407
723,7.23,4793.29370908248,0.00012721191410000002,262041166.87728795
724,7.24,4805.2396085106,0.0001333154297,262694228.7623988
725,7.25,4818.67875315162,0.0001320947266,263428923.8087075
726,7.26,4826.14493918214,0.00013301025389999999,263837087.42610762
727,7.27,4851.5299876995,0.0001348413086,265224844.60070375
728,7.28,4845.55703353722,0.0001333154297,264898313.41497174
729,7.29,4851.5299876995,0.00013026367189999998,265224844.60070375
730,7.3,4872.43531837104,0.00013514648439999998,266367703.26441255
731,7.31,4897.820362440179,0.0001336206055,267755460.19583204
732,7.32,4912.75273894944,0.0001339257812,268571787.6738089
733,7.33,4897.820362440179,0.0001378930664,267755460.19583204
734,7.34,4909.766266316521,0.0001360620117,268408522.32411954
735,7.35,4924.69864282578,0.0001360620117,269224849.8020963
736,7.36,4954.563400292521,0.0001366723633,270857505.0012266
737,7.37,4966.509304168861,0.0001363671875,271510567.129514
738,7.38,4957.54987737366,0.000138503418,271020770.59409255
739,7.39,4972.48225833114,0.0001369775391,271837098.3152459
740,7.4,4988.90787560508,0.0001372827148,272735058.71124405
741,7.41,4982.9349214428,0.0001369775391,272408527.5255121
742,7.42,4991.894348238,0.00013880859369999997,272898324.0609335
743,7.43,5015.78615599068,0.0001381982422,274204448.3175083
744,7.44,5044.15767714096,0.0001391137695,275755470.84179384
745,7.45,5026.2388235505605,0.00014002929689999998,274775877.77095103
746,7.46,5050.130626855021,0.0001409448242,276082001.78434926
747,7.47,5077.00891168884,0.0001381982422,277551391.6337901
748,7.48,5051.6238676197,0.0001421655273,276163634.7023705
749,7.49,5085.96833848404,0.0001409448242,278041188.16921145
750,7.5,5082.9818614029,0.00014125,277877922.57634544
751,7.51,5105.38043283912,0.00013758789060000002,279102414.1580756
752,7.52,5118.81957303192,0.0001421655273,279837108.9612077
753,7.53,5145.6978534175205,0.0001458276367,281306498.5674719
754,7.54,5111.3533825531795,0.0001421655273,279428945.10063094
755,7.55,5160.630234375,0.0001473535156,282122826.28862536
756,7.56,5153.16404389626,0.0001418603516,281714662.4280487
757,7.57,5133.7519539894,0.0001421655273,280653436.6823611
758,7.58,5180.04232873008,0.0001446069336,283184052.2774894
759,7.59,5194.97470523934,0.0001421655273,284000379.7554663
760,7.6,5196.467946004021,0.000143996582,284082012.6734876
761,7.61,5236.7853665824205,0.00015040527339999998,286286097.08288395
762,7.62,5232.305653184821,0.000143996582,286041198.8151732
763,7.63,5239.7718436635605,0.0001366723633,286449362.67574996
764,7.64,5278.5960279255,0.0001449121094,288571814.4103015
765,7.65,5259.183938018639,0.0001449121094,287510588.66461396
766,7.66,5271.12984189498,0.00014643798830000002,288163650.7929014
767,7.67,5263.66365141624,0.0001449121094,287755486.9323247
768,7.68,5327.87287974732,0.00014674316410000001,291265695.5982959
769,7.69,5324.8864071144,0.0001470483398,291102430.24860644
770,7.7,5324.8864071144,0.00014643798830000002,291102430.24860644
771,7.71,5311.44726247338,0.0001479638672,290367735.20229775
772,7.72,5339.81878362366,0.00014552246089999998,291918757.7265833
773,7.73,5332.35259314492,0.00014826904300000002,291510593.8660066
774,7.74,5354.751164581139,0.00014887939449999998,292735085.4477367
775,7.75,5375.65649525268,0.0001491845703,293877944.1114455
776,7.76,5384.615922047879,0.0001494897461,294367740.6468669
777,7.77,5389.095635445479,0.00015040527339999998,294612638.9145776
778,7.78,5393.57534884308,0.0001494897461,294857537.18228835
779,7.79,5415.9739158310795,0.0001543725586,296082028.52084184
780,7.8,5421.94686999336,0.0001501000977,296408559.7065739
781,7.81,5456.2913408577,0.00015162597660000002,298286113.17341477
782,7.82,5468.23724473404,0.0001543725586,298939175.30170226
783,7.83,5472.716958131639,0.00015345703119999999,299184073.5694129
784,7.84,5499.59524296546,0.0001528466797,300653463.41885376
785,7.85,5480.183148610379,0.0001513208008,299592237.4299896
786,7.86,5484.66286200798,0.0001528466797,299837135.6977003
787,7.87,5508.55466976066,0.0001507104492,301143259.95427513
788,7.88,5514.52761947472,0.0001540673828,301469790.89683056
789,7.89,5533.9397138298,0.0001525415039,302531016.8856947
790,7.9,5541.40590430854,0.0001543725586,302939180.7462714
791,7.91,5547.3788540226005,0.00015376220699999998,303265711.6888268
792,7.92,5575.750375172879,0.0001562036133,304816734.2131123
793,7.93,5563.80447129654,0.0001549829102,304163672.0848249
794,7.94,5599.6421829255605,0.0001546777344,306122858.46968716
795,7.95,5589.18951536568,0.0001558984375,305551429.0162444
796,7.96,5601.13541924202,0.0001558984375,306204491.14453185
797,7.97,5608.60160972076,0.0001562036133,306612655.00510854
798,7.98,5601.13541924202,0.00015315185550000002,306204491.14453185
799,7.99,5647.4257939827,0.00015895019529999998,308735106.7396602
800,8.0,5647.4257939827,0.00015650878910000002,308735106.7396602
801,8.01,5657.87846154258,0.00016200195310000001,309306536.1931029
802,8.02,5680.27702853058,0.0001546777344,310531027.5316564
803,8.03,5683.263505611721,0.00015681396480000001,310694293.12452245
804,8.04,5695.20940948806,0.00015650878910000002,311347355.2528098
805,8.05,5716.114740159601,0.0001574243164,312490213.9165187
806,8.06,5689.236455325779,0.0001571191406,311020824.0670778
807,8.07,5737.0200708311395,0.00015895019529999998,313633072.58022743
808,8.08,5744.486261309879,0.0001571191406,314041236.4408041
809,8.09,5741.49978422874,0.0001592553711,313877970.8479382
810,8.1,5756.432160738,0.0001577294922,314694298.325915
811,8.11,5795.25634944816,0.0001598657227,316816750.3036432
812,8.12,5769.871305379021,0.00015956054689999997,315428993.37222373
813,8.13,5777.33749140954,0.0001610864258,315837156.98962384
814,8.14,5823.62787059844,0.00016169677730000002,318367772.8279287
815,8.15,5820.6413935173005,0.0001574243164,318204507.2350628
816,8.16,5796.749585764621,0.00016078125,316898382.97848797
817,8.17,5846.02643758644,0.0001671899414,319592264.16648227
818,8.18,5834.0805337101,0.0001641381836,318939202.0381949
819,8.19,5856.4791006981,0.0001638330078,320163693.37674844
820,8.2,5875.891195053179,0.0001626123047,321224919.36561245
821,8.21,5875.891195053179,0.00016169677730000002,321224919.36561245
822,8.22,5899.783002805861,0.0001629174805,322531043.6221874
823,8.23,5910.23566591752,0.0001638330078,323102472.8324535
824,8.24,5917.70185639626,0.0001629174805,323510636.6930302
825,8.25,5938.607187067801,0.0001662744141,324653495.356739
826,8.26,5949.05985462768,0.0001650537109,325224924.8101817
827,8.27,5949.05985462768,0.0001647485352,325224924.8101817
828,8.28,5962.498994820479,0.00016444335939999998,325959619.61331373
829,8.29,5977.43137577796,0.0001653588867,326775947.3344672
830,8.3,5983.404325492021,0.0001647485352,327102478.27702266
831,8.31,5971.458421615679,0.0001674951172,326449416.14873517
832,8.32,6020.7352734375,0.0001650537109,329143297.3367295
833,8.33,6005.80289248002,0.0001693261719,328326969.61557615
834,8.34,6040.14736779258,0.000167800293,330204523.32559365
835,8.35,6044.6270811901795,0.0001665795898,330449421.59330434
836,8.36,6044.6270811901795,0.0001638330078,330449421.59330434
837,8.37,6058.066221382979,0.0001656640625,331184116.39643645
838,8.38,6067.025648178179,0.0001626123047,331673912.9318578
839,8.39,6081.95802913566,0.00016963134769999998,332490240.65301126
840,8.4,6099.87688272606,0.00016963134769999998,333469833.7238541
841,8.41,6105.849832440121,0.00016444335939999998,333796364.66640955
842,8.42,6147.66049823142,0.00017024169920000002,336082082.23700374
843,8.43,6110.32955028594,0.0001699365234,334041263.1772968
844,8.44,6144.67402115028,0.0001729882812,335918816.6441378
845,8.45,6149.153734547879,0.0001711572266,336163714.9118484
846,8.46,6156.61992502662,0.0001717675781,336571878.7724252
847,8.47,6173.045542300561,0.000170546875,337469839.1684233
848,8.48,6184.991446176899,0.0001723779297,338122901.29671067
849,8.49,6198.4305863697,0.0001714624023,338857596.0998428
850,8.5,6213.36296287896,0.0001726831055,339673923.57781965
851,8.51,6226.8021075199795,0.00017085205079999999,340408618.6241283
852,8.52,6226.8021075199795,0.0001739038086,340408618.6241283
853,8.53,6189.4711595745,0.00017024169920000002,338367799.5644214
854,8.54,6252.18715158912,0.00017481933589999997,341796375.55554783
855,8.55,6265.62629178192,0.0001723779297,342531070.35868
856,8.56,6288.02485876992,0.0001757348633,343755561.6972335
857,8.57,6298.477526329801,0.0001729882812,344326991.15067625
858,8.58,6293.9978129322,0.0001766503906,344082092.8829655
859,8.59,6317.889620684879,0.0001754296875,345388217.1395403
860,8.6,6322.369334082479,0.0001769555664,345633115.407251
861,8.61,6347.75437815162,0.0001757348633,347020872.33867055
862,8.62,6349.24761446808,0.0001793969727,347102505.0135153
863,8.63,6362.68675466088,0.00017512451170000003,347837199.8166474
864,8.64,6371.64618145608,0.0001763452148,348326996.3520688
865,8.65,6356.713804946821,0.0001763452148,347510668.87409204
866,8.66,6411.9636064827,0.00017756591800000002,350531081.0046417
867,8.67,6389.5650394947,0.0001778710937,349306589.66608816
868,8.68,6410.47037016624,0.00018153320309999998,350449448.329797
869,8.69,6413.456847247379,0.00018000732420000003,350612713.922663
870,8.7,6417.93656064498,0.0001806176758,350857612.1903737
871,8.71,6432.86893715424,0.0001793969727,351673939.6683505
872,8.72,6447.80131811172,0.0001803125,352490267.38950396
873,8.73,6471.6931258644,0.00018153320309999998,353796391.64607877
874,8.74,6492.5984565359395,0.00017909179690000002,354939250.3097876
875,8.75,6467.21340801858,0.0001803125,353551493.13519144
876,8.76,6498.57140625,0.00018092285160000002,355265781.252343
877,8.77,6504.544355964061,0.00018244873050000002,355592312.1948985
878,8.78,6512.010546442801,0.00018244873050000002,356000476.0554752
879,8.79,6535.902354195479,0.0001818383789,357306600.3120499
880,8.8,6528.436163716739,0.00017817626949999998,356898436.4514732
881,8.81,6559.79416194816,0.00018214355469999997,358612724.56862473
882,8.82,6556.807684867021,0.0001787866211,358449458.9757588
883,8.83,6568.7535887433605,0.0001827539062,359102521.1040462
884,8.84,6594.1386328125,0.0001836694336,360490278.0354657
885,8.85,6603.0980596077,0.00018336425780000003,360980074.5708871
886,8.86,6619.523676881639,0.00018794189449999999,361878034.9668852
887,8.87,6664.32081530586,0.0001867211914,364327017.8871689
888,8.88,6629.97634444152,0.00018214355469999997,362449464.42032796
889,8.89,6634.45605783912,0.00018458496089999998,362694362.68803865
890,8.9,6659.8411019082605,0.00018763671870000002,364082119.6194582
891,8.91,6641.92224386964,0.00018580566410000002,363102526.30543876
892,8.92,6674.773478417521,0.00018641601559999998,364898447.09743506
893,8.93,6674.773478417521,0.00018305908199999998,364898447.09743506
894,8.94,6706.1314766489395,0.0001851953125,366612735.2145865
895,8.95,6697.17204985374,0.00018702636719999997,366122938.67916507
896,8.96,6716.5841397606,0.000187331543,367184164.4248526
897,8.97,6730.02328440162,0.00018458496089999998,367918859.4711613
898,8.98,6750.92861507316,0.0001861108398,369061718.1348701
899,8.99,6755.40832847076,0.0001888574219,369306616.40258086
900,9.0,6764.36775526596,0.00018763671870000002,369796412.9380023
901,9.01,6764.36775526596,0.0001885522461,369796412.9380023
902,9.02,6794.232512732699,0.0001888574219,371429068.13713247
903,9.03,6819.61755680184,0.000192824707,372816825.068552
904,9.04,6819.61755680184,0.0001885522461,372816825.068552
905,9.05,6809.164893690179,0.0001894677734,372245395.85828584
906,9.06,6822.60403388298,0.0001897729492,372980090.661418
907,9.07,6836.0431740757795,0.0001916040039,373714785.4645501
908,9.08,6833.056696994639,0.00019038330079999998,373551519.8716841
909,9.09,6850.97555503326,0.0001912988281,374531113.1857036
910,9.1,6883.82678958114,0.00019190917969999998,376327033.97769976
911,9.11,6901.74564317154,0.0001916040039,377306627.04854256
912,9.12,6897.26592977394,0.000192824707,377061728.7808319
913,9.13,6924.14421015954,0.0001891625977,378531118.3870961
914,9.14,6933.10364140296,0.0001940454102,379020915.1656941
915,9.15,6931.610400638279,0.0001943505859,378939282.2476728
916,9.16,6945.04954083108,0.0001925195312,379673977.0508049
917,9.17,6965.954871502621,0.0001925195312,380816835.71451384
918,9.18,6959.981921788561,0.0001955712891,380490304.77195835
919,9.19,6986.860206622379,0.0001949609375,381959694.6213991
920,9.2,6988.35344293884,0.0001931298828,382041327.29624385
921,9.21,7027.17762720078,0.00019465576170000002,384163779.0307955
922,9.22,7013.7384870079795,0.0001934350586,383429084.2276634
923,9.23,7030.16410428192,0.0001964868164,384327044.6236615
924,9.24,7021.20467748672,0.0001961816406,383837248.08824015
925,9.25,7021.20467748672,0.0001964868164,383837248.08824015
926,9.26,7036.13705399598,0.000197097168,384653575.56621695
927,9.27,7092.88009629654,0.00019679199219999998,387755620.61478794
928,9.28,7076.454479022601,0.0001964868164,386857660.21878994
929,9.29,7054.055912034601,0.0001964868164,385633168.8802364
930,9.3,7086.90714658248,0.0001940454102,387429089.67223257
931,9.31,7097.35980969414,0.0001949609375,388000518.8824987
932,9.32,7163.0622787899,0.0001986230469,391592360.46649116
933,9.33,7127.22456716088,0.0001992333984,389633174.0816289
934,9.34,7139.1704710372205,0.00019984375,390286236.20991635
935,9.35,7139.1704710372205,0.0001983178711,390286236.20991635
936,9.36,7170.528469268639,0.0002013696289,392000524.3270678
937,9.37,7177.994659747379,0.0002004541016,392408688.1876445
938,9.38,7176.5014189827,0.00020014892579999998,392327055.2696232
939,9.39,7201.88646305184,0.0001989282227,393714812.2010428
940,9.4,7198.89999041892,0.00020716796870000003,393551546.8513534
941,9.41,7219.80532109046,0.00020686279300000002,394694405.51506215
942,9.42,7228.76474788566,0.0002004541016,395184202.0504836
943,9.43,7209.35265353058,0.0002007592773,394122976.06161946
944,9.44,7272.0686455452,0.0002013696289,397551552.05274594
945,9.45,7255.64302827126,0.0002016748047,396653591.6567478
946,9.46,7246.68360147606,0.00020289550780000002,396163795.12132645
947,9.47,7304.91988009308,0.0002032006836,399347472.8447422
948,9.48,7307.906357174221,0.00020411621089999997,399510738.43760824
949,9.49,7333.291401243361,0.00020411621089999997,400898495.36902773
950,9.5,7328.81168784576,0.0002032006836,400653597.101317
951,9.51,7342.250828038561,0.00021052490229999998,401388291.90444916
952,9.52,7340.7575917221,0.0002053369141,401306659.2296044
953,9.53,7340.7575917221,0.00020442138670000002,401306659.2296044
954,9.54,7375.102062586439,0.0002022851562,403184212.6964453
955,9.55,7390.03444354392,0.0002059472656,404000540.4175987
956,9.56,7384.061489381639,0.0002077783203,403674009.2318667
957,9.57,7415.4194876130605,0.0002074731445,405388297.3490183
958,9.58,7397.50062957444,0.00019984375,404408704.03499883
959,9.59,7428.858627805861,0.0002062524414,406122992.15215045
960,9.6,7418.405960245979,0.00020991455079999997,405551562.69870764
961,9.61,7433.33834120346,0.00020564208979999998,406367890.4198611
962,9.62,7470.669289148939,0.0002047265625,408408709.479568
963,9.63,7454.2436718750005,0.0002074731445,407510749.08356994
964,9.64,7482.61519302528,0.00020564208979999998,409061771.60785544
965,9.65,7491.57461982048,0.00020869384770000001,409551568.1432768
966,9.66,7518.45290020608,0.0002114404297,411020957.7495411
967,9.67,7506.5070007779605,0.00020838867190000002,410367895.8644303
968,9.68,7509.49347341088,0.00020930419920000003,410531161.2141197
969,9.69,7527.4123314495,0.00021021972660000002,411510754.52813905
970,9.7,7546.824421356359,0.0002114404297,412571980.2738266
971,9.71,7554.2906118351,0.00021205078120000004,412980144.13440335
972,9.72,7566.23651571144,0.00021205078120000004,413633206.2626907
973,9.73,7581.16889666892,0.00021052490229999998,414449533.9838441
974,9.74,7597.59450949464,0.00020716796870000003,415347494.13666564
975,9.75,7597.59450949464,0.0002144921875,415347494.13666564
976,9.76,7622.979558012,0.0002132714844,416735251.3112618
977,9.77,7630.44574404252,0.00021174560550000002,417143414.9286619
978,9.78,7609.54041337098,0.00021052490229999998,416000556.2649531
979,9.79,7652.844315478741,0.0002129663086,418367906.51039207
980,9.8,7655.830792559879,0.00021357666020000002,418531172.10325795
981,9.81,7673.74964615028,0.00021357666020000002,419510765.1741008
982,9.82,7675.24288246674,0.00021693359370000002,419592397.84894556
983,9.83,7679.722595864339,0.0002144921875,419837296.1166562
984,9.84,7694.65497682182,0.00021571289059999998,420653623.8378096
985,9.85,7708.094117014621,0.00022059570309999999,421388318.6409418
986,9.86,7742.43858787896,0.00021662841800000002,423265872.1077827
987,9.87,7728.999447686161,0.0002178491211,422531177.30465066
988,9.88,7752.891255438839,0.00021693359370000002,423837301.56122535
989,9.89,7779.76953582444,0.00021052490229999998,425306691.16748965
990,9.9,7769.3168727127795,0.00021662841800000002,424735261.9572235
991,9.91,7775.289822426839,0.0002160180664,425061792.8997789
992,9.92,7767.8236319481,0.00021845947270000002,424653629.0392022
993,9.93,7793.20868046546,0.00021723876949999998,426041386.21379834
994,9.94,7829.046387646259,0.00021968017579999995,428000572.35548395
995,9.95,7827.553151329799,0.00021968017579999995,427918939.6806392
996,9.96,7845.472004920201,0.0002187646484,428898532.7514821
997,9.97,7848.45848200134,0.00022181640620000002,429061798.3443481
998,9.98,7839.499055206141,0.0002202905273,428572001.8089267
999,9.99,7855.9246724800805,0.00021998535160000003,429469962.2049248
1000,10.0,7864.88409927528,0.0002215112305,429959758.7403462
1001,10.01,7881.309716549221,0.00022181640620000002,430857719.1363444
1002,10.02,7897.735333823161,0.000222121582,431755679.5323425
1003,10.03,7903.70828353722,0.0002230371094,432082210.47489786
1004,10.04,7911.17447401596,0.00022181640620000002,432490374.33547455
1005,10.05,7924.613614208759,0.00022456298829999995,433225069.1386066
1006,10.06,7915.654187413561,0.00022242675779999998,432735272.6031853
1007,10.07,7967.917516316521,0.0002248681641,435592419.38404566
1008,10.08,7952.98513535904,0.0002215112305,434776091.6628922
1009,10.09,7978.370179428181,0.0002236474609,436163848.5943118
1010,10.1,7978.370179428181,0.0002236474609,436163848.5943118
1011,10.11,7994.795796702121,0.0002236474609,437061808.9903099
1012,10.12,7994.795796702121,0.0002236474609,437061808.9903099
1013,10.13,8023.1673178524,0.00022578369139999999,438612831.5145953
1014,10.14,8054.525311635601,0.000226394043,440327119.3885703
1015,10.15,8048.55236192154,0.00022944580079999996,440000588.4460149
1016,10.16,8014.207891057201,0.0002270043945,438123034.979174
1017,10.17,8060.498265797879,0.0002242578125,440653650.57430226
1018,10.18,8076.92388307182,0.00022669921870000002,441551610.9703004
1019,10.19,8093.349500345759,0.0002285302734,442449571.3662985
1020,10.2,8096.3359774269,0.0002273095703,442612836.9591645
1021,10.21,8106.788640538561,0.0002303613281,443184266.1694307
1022,10.22,8123.2142578125,0.0002270043945,444082226.5654288
1023,10.23,8144.11958848404,0.00022944580079999996,445225085.2291376
1024,10.24,8150.092538198101,0.0002303613281,445551616.171693
1025,10.25,8145.6128248005,0.0002300561523,445306717.9039823
1026,10.26,8169.50463255318,0.00023097167970000001,446612842.1605571
1027,10.27,8191.9032039894,0.0002236474609,447837333.7422872
1028,10.28,8205.342344182201,0.00023158203120000003,448572028.5454194
1029,10.29,8218.781484375,0.0002321923828,449306723.34855145
1030,10.3,8226.247674853741,0.0002285302734,449714887.2091282
1031,10.31,8206.83558049866,0.0002306665039,448653661.2202641
1032,10.32,8211.31529389626,0.00023158203120000003,448898559.4879747
1033,10.33,8239.68681504654,0.0002254785156,450449582.01226026
1034,10.34,8259.09890940162,0.0002340234375,451510808.0011244
1035,10.35,8268.05833619682,0.00022669921870000002,452000604.5365458
1036,10.36,8282.99071270608,0.0002340234375,452816932.0145226
1037,10.37,8280.004240073162,0.00023371826170000005,452653666.6648333
1038,10.38,8280.004240073162,0.0002358544922,452653666.6648333
1039,10.39,8314.3487109375,0.00023646484370000003,454531220.1316742
1040,10.4,8309.8689975399,0.00023646484370000003,454286321.86396337
1041,10.41,8333.76080529258,0.0002355493164,455592446.1205383
1042,10.42,8351.67965888298,0.0002352441406,456572039.1913811
1043,10.43,8347.19994548538,0.0002373803711,456327140.92367035
1044,10.44,8362.13232199464,0.0002404321289,457143468.4016472
1045,10.45,8390.50384314492,0.00023890625,458694490.9259327
1046,10.46,8415.88888721406,0.0002407373047,460082247.8573522
1047,10.47,8402.44974702126,0.0002379907227,459347553.0542201
1048,10.48,8402.44974702126,0.00023860107420000003,459347553.0542201
1049,10.49,8441.27393573142,0.00023768554690000002,461470005.0319484
1050,10.5,8435.30098156914,0.0002407373047,461143473.8462164
1051,10.51,8433.807745252681,0.00023951660160000002,461061841.1713717
1052,10.52,8454.71307592422,0.00023951660160000002,462204699.8350805
1053,10.53,8454.71307592422,0.00023951660160000002,462204699.8350805
1054,10.54,8493.537260186162,0.00024104248050000002,464327151.56963223
1055,10.55,8495.03049650262,0.00023982177729999998,464408784.24447685
1056,10.56,8502.49668698136,0.00024165283199999998,464816948.1050535
1057,10.57,8520.41554501998,0.0002419580078,465796541.4190729
1058,10.58,8523.4020176529,0.00024348388670000003,465959806.7687623
1059,10.59,8532.3614444481,0.00023890625,466449603.3041838
1060,10.6,8536.84116229392,0.0002450097656,466694501.81507105
1061,10.61,8553.26677511964,0.00024348388670000003,467592461.9678926
1062,10.62,8560.73296559838,0.0002468408203,468000625.8284693
1063,10.63,8583.1315370346,0.0002468408203,469225117.4101994
1064,10.64,8596.570677227399,0.0002471459961,469959812.21333146
1065,10.65,8598.06391354386,0.00024317871089999998,470041444.8881762
1066,10.66,8608.51658110374,0.00024897705079999995,470612874.34161896
1067,10.67,8635.39486148934,0.0002450097656,472082263.9478831
1068,10.68,8633.901625172879,0.0002492822266,472000631.2730384
1069,10.69,8660.77990555848,0.0002468408203,473470020.8793027
1070,10.7,8639.874574886939,0.0002480615234,472327162.2155938
1071,10.71,8659.286669242021,0.000248671875,473388388.20445806
1072,10.72,8657.79343292556,0.00024897705079999995,473306755.52961326
1073,10.73,8689.151426708759,0.00025233398440000003,475021043.4035881
1074,10.74,8714.536470777899,0.0002480615234,476408800.33500767
1075,10.75,8727.97561541892,0.0002501977539,477143495.3813164
1076,10.76,8753.36065948806,0.0002529443359,478531252.312736
1077,10.77,8720.50942494018,0.0002508081055,476735331.5207398
1078,10.78,8739.92151484704,0.0002520288086,477796557.2664272
1079,10.79,8757.840372885661,0.0002526391602,478776150.5804467
1080,10.8,8745.89446900932,0.0002529443359,478123088.4521592
1081,10.81,8777.252462792521,0.00025050292970000003,479837376.32613426
1082,10.82,8783.2254169548,0.00025233398440000003,480163907.51186615
1083,10.83,8792.18484375,0.0002535546875,480653704.0472876
1084,10.84,8822.04960121674,0.0002526391602,482286359.2464179
1085,10.85,8829.51579169548,0.0002553857422,482694523.1069945
1086,10.86,8850.42112236702,0.0002553857422,483837381.7707034
1087,10.87,8863.86026255982,0.0002566064453,484572076.57383543
1088,10.88,8863.86026255982,0.0002550805664,484572076.57383543
1089,10.89,8884.76559323136,0.0002547753906,485714935.23754424
1090,10.9,8886.25883399604,0.0002569116211,485796568.15556556
1091,10.91,8887.752070312501,0.0002550805664,485878200.83041036
1092,10.92,8913.137114381641,0.00025904785160000003,487265957.7618299
1093,10.93,8914.6303506981,0.0002617944336,487347590.43667454
1094,10.94,8928.06949533912,0.0002584375,488082285.4829832
1095,10.95,8940.015399215461,0.0002617944336,488735347.61127067
1096,10.96,8931.05596797204,0.0002578271484,488245550.83267266
1097,10.97,8945.98834892952,0.00025935302729999997,489061878.5538261
1098,10.98,8960.920729887,0.0002633203125,489878206.2749795
1099,10.99,9016.170531422878,0.00026087890620000005,492898618.40552914
1100,11.0,9005.717863863,0.0002605737305,492327188.95208645
1101,11.01,9023.63672190162,0.00026362548829999996,493306782.2661059
1102,11.02,9031.10290793214,0.00026393066410000004,493714945.883506
1103,11.03,9038.56909841088,0.0002669824219,494123109.74408275
1104,11.04,9057.98119276596,0.0002648461914,495184335.7329468
1105,11.05,9056.4879564495,0.00026362548829999996,495102703.05810213
1106,11.06,9053.50147936836,0.00026393066410000004,494939437.4652362
1107,11.07,9081.87300051864,0.000265456543,496490459.9895217
1108,11.08,9071.42033295876,0.000265456543,495919030.53607893
1109,11.09,9105.7648038231,0.0002669824219,497796584.0029199
1110,11.1,9075.900046356359,0.0002660668945,496163928.8037896
1111,11.11,9093.81890439498,0.0002678979492,497143522.1178091
1112,11.12,9140.10927913566,0.0002657617187,499674137.7129375
1113,11.13,9111.73775798538,0.0002627099609,498123115.1886519
1114,11.14,9153.54841932846,0.0002700341797,500408832.5160695
1115,11.15,9177.440227081142,0.0002721704102,501714956.77264446
1116,11.16,9193.865844355081,0.0002691186523,502612917.1686425
1117,11.17,9190.87936727394,0.00027278076170000003,502449651.57577646
1118,11.18,9180.42669971406,0.0002703393555,501878222.12233377
1119,11.19,9204.318507466742,0.0002730859375,503184346.3789087
1120,11.2,9211.78469794548,0.0002712548828,503592510.2394853
1121,11.21,9231.19679230056,0.000275222168,504653736.2283494
1122,11.22,9229.70355153588,0.0002746118164,504572103.3103281
1123,11.23,9250.60888220742,0.0002770532227,505714961.97403693
1124,11.24,9273.007453643642,0.00027644287110000003,506939453.5557672
1125,11.25,9271.51421287896,0.00027766357420000003,506857820.63774574
1126,11.26,9275.99392627656,0.0002749169922,507102718.9054565
1127,11.27,9289.433070917581,0.00027644287110000003,507837413.95176524
1128,11.28,9292.4195435505,0.00027766357420000003,508000679.3014546
1129,11.29,9334.230204893582,0.000280715332,510286396.62887233
1130,11.3,9340.20315905586,0.0002797998047,510612927.8146042
1131,11.31,9347.6693495346,0.000280715332,511021091.675181
1132,11.32,9353.64229924866,0.0002749169922,511347622.61773634
1133,11.33,9359.61525341094,0.0002791894531,511674153.80346835
1134,11.34,9361.108489727401,0.0002813256836,511755786.4783131
1135,11.35,9368.574680206142,0.0002831567383,512163950.33888984
1136,11.36,9416.35829126328,0.00028224121089999996,514776198.60886276
1137,11.37,9417.85153202796,0.0002855981445,514857831.5268841
1138,11.38,9419.344768344421,0.00028498779300000003,514939464.2017288
1139,11.39,9425.317718058479,0.0002862084961,515265995.1442841
1140,11.4,9441.74333533242,0.0002843774414,516163955.5402823
1141,11.41,9452.196002892299,0.0002865136719,516735384.99372494
1142,11.42,9468.621620166241,0.00028681884770000003,517633345.3897232
1143,11.43,9446.22304873002,0.0002843774414,516408853.80799305
1144,11.44,9477.581046961439,0.00028742919920000004,518123141.9251445
1145,11.45,9505.952568111721,0.0002892602539,519674164.4494301
1146,11.46,9510.432281509318,0.00028895507809999997,519919062.7171407
1147,11.47,9522.378185385662,0.0002901757812,520572124.8454283
1148,11.48,9537.31056189492,0.0002926171875,521388452.32340497
1149,11.49,9537.31056189492,0.00029719482420000005,521388452.32340497
1150,11.5,9547.7632294548,0.0002929223633,521959881.7768477
1151,11.51,9552.242942852401,0.00029383789059999997,522204780.04455847
1152,11.52,9564.18884672874,0.00028987060550000003,522857842.1728459
1153,11.53,9597.04008127662,0.000294753418,524653762.9648421
1154,11.54,9585.09417740028,0.0002975,524000700.83655465
1155,11.55,9594.05360419548,0.0002895654297,524490497.3719761
1156,11.56,9625.4116024269,0.0002993310547,526204785.48912764
1157,11.57,9614.95893486702,0.0002975,525633356.0356849
1158,11.58,9626.90483874336,0.00030207763670000006,526286418.16397226
1159,11.59,9644.823692333759,0.000300246582,527266011.23481506
1160,11.6,9658.26283252656,0.0003008569336,528000706.0379472
1161,11.61,9664.23578668884,0.00030207763670000006,528327237.2236792
1162,11.62,9677.67492688164,0.0003029931641,529061932.02681136
1163,11.63,9680.66140396278,0.0003039086914,529225197.61967736
1164,11.64,9706.04644803192,0.0003051293945,530612954.5510969
1165,11.65,9706.04644803192,0.000304519043,530612954.5510969
1166,11.66,9726.951778703458,0.000307265625,531755813.2148056
1167,11.67,9755.32329985374,0.00030757080079999994,533306835.7390912
1168,11.68,9747.857109375,0.0003112329102,532898671.87851447
1169,11.69,9759.80301325134,0.0003078759766,533551734.0068019
1170,11.7,9764.28272664894,0.0003103173828,533796632.27451265
1171,11.71,9792.65424779922,0.000310012207,535347654.7987982
1172,11.72,9761.2962495678,0.0003084863281,533633366.68164665
1173,11.73,9782.20158023934,0.0003136743164,534776225.34535545
1174,11.74,9819.53252818482,0.0003136743164,536817044.4050624
1175,11.75,9815.052814787221,0.0003133691406,536572146.13735175
1176,11.76,9818.03929186836,0.0003161157227,536735411.73021764
1177,11.77,9831.47843206116,0.0003155053711,537470106.5333498
1178,11.78,9853.87700349738,0.00031764160160000003,538694598.1150799
1179,11.79,9867.316143690181,0.0003188623047,539429292.918212
1180,11.8,9864.329666609041,0.0003182519531,539266027.3253461
1181,11.81,9909.126805033258,0.0003203881836,541715010.2456295
1182,11.82,9941.978039581141,0.00032221923829999996,543510931.0376259
1183,11.83,9909.126805033258,0.0003252709961,541715010.2456295
1184,11.84,9944.96451221406,0.0003249658203,543674196.3873153
1185,11.85,9934.5118491024,0.0003243554687,543102767.1770492
1186,11.86,9940.48479881646,0.0003289331055,543429298.1196046
1187,11.87,9961.390129488002,0.0003301538086,544572156.7833135
1188,11.88,9989.761650638278,0.0003289331055,546123179.3075988
1189,11.89,9961.390129488002,0.0003301538086,544572156.7833135
1190,11.9,9980.80222384308,0.0003304589844,545633382.7721776
1191,11.91,9998.72107743348,0.00033137451170000003,546612975.8430203
1192,11.92,10010.66698130982,0.0003329003906,547266037.9713078
1193,11.93,10025.5993622673,0.0003335107422,548082365.6924611
1194,11.94,10042.02497954124,0.0003344262695,548980326.0884593
1195,11.95,10047.9979292553,0.0003292382812,549306857.0310147
1196,11.96,10059.94383313164,0.0003347314453,549959919.1593021
1197,11.97,10068.90325992684,0.00033900390619999996,550449715.6947235
1198,11.98,10080.849163803181,0.0003396142578,551102777.8230109
1199,11.99,10103.2477352394,0.00034114013670000004,552327269.404741
1200,12.0,10098.76801739358,0.0003426660156,552082370.8938538
1201,12.01,10113.70039835106,0.0003429711914,552898698.6150072
1202,12.02,10145.058396582479,0.0003457177734,554612986.7321587
1203,12.03,10121.1665888298,0.0003448022461,553306862.4755838
1204,12.04,10143.5651558178,0.000346328125,554531353.8141373
1205,12.05,10176.41639036568,0.0003484643555,556327274.6061337
1206,12.06,10149.538109980082,0.00034693847659999995,554857884.9998695
1207,12.07,10168.95019988694,0.0003524316406,555919110.745557
1208,12.08,10174.923154049222,0.00035090576170000005,556245641.931289
1209,12.09,10207.774388597101,0.000353347168,558041562.7232852
1210,12.1,10218.22705170876,0.0003506005859,558612991.9335513
1211,12.11,10248.091809175501,0.0003545678711,560245647.1326816
1212,12.12,10248.091809175501,0.0003570092773,560245647.1326816
1213,12.13,10251.078286256641,0.0003582299805,560408912.7255476
1214,12.14,10258.54447673538,0.00035914550779999997,560817076.5861242
1215,12.15,10267.50390353058,0.0003582299805,561306873.1215456
1216,12.16,10277.95657109046,0.0003609765625,561878302.5749884
1217,12.17,10289.90247051858,0.0003634179687,562531364.4600991
1218,12.18,10318.273991668859,0.00036128173829999994,564082386.9843845
1219,12.19,10333.20637262634,0.0003667749023,564898714.705538
1220,12.2,10333.20637262634,0.0003689111328,564898714.705538
1221,12.21,10340.672563105081,0.00036799560549999994,565306878.5661148
1222,12.22,10352.61846698142,0.00037104736329999995,565959940.6944021
1223,12.23,10361.57789377662,0.0003722680664,566449737.2298236
1224,12.24,10378.00351105056,0.00037165771479999996,567347697.6258217
1225,12.25,10355.604939614339,0.0003744042969,566123206.0440916
1226,12.26,10382.48322444816,0.000375625,567592595.8935324
1227,12.27,10424.293885791241,0.0003820336914,569878313.2209501
1228,12.28,10415.33445899604,0.0003774560547,569388516.6855286
1229,12.29,10440.71950306518,0.000378371582,570776273.6169481
1230,12.3,10443.7059756981,0.0003820336914,570939538.9666376
1231,12.31,10457.14512033912,0.00038172851560000005,571674234.0129464
1232,12.32,10464.611306369641,0.0003820336914,572082397.6303464
1233,12.33,10464.611306369641,0.000385390625,572082397.6303464
1234,12.34,10484.02340072472,0.0003841699219,573143623.6192105
1235,12.35,10497.46254091752,0.00038966308590000006,573878318.4223427
1236,12.36,10491.489591203459,0.0003838647461,573551787.4797871
1237,12.37,10510.90168555854,0.0003899682617,574613013.4686513
1238,12.38,10521.3543486702,0.00039851318360000003,575184442.6789174
1239,12.39,10551.219106136941,0.00039515625,576817097.8780477
1240,12.4,10558.685296615682,0.0003969873047,577225261.7386245
1241,12.41,10564.65825077796,0.0003957666016,577551792.9243563
1242,12.42,10567.64472341088,0.00040064941409999994,577715058.2740458
1243,12.43,10552.71234690162,0.0004009545898,576898730.796069
1244,12.44,10625.8810020279,0.00040248046869999996,580898735.9974616
1245,12.45,10578.097390970759,0.00040553222659999995,578286487.7274884
1246,12.46,10651.26604609704,0.0004064477539,582286492.928881
1247,12.47,10624.387765711439,0.00040949951170000004,580817103.3226168
1248,12.48,10616.921575232702,0.000411940918,580408939.4620402
1249,12.49,10657.239000259318,0.00041438232420000005,582613024.1146129
1250,12.5,10648.27957346412,0.00041224609369999997,582123227.5791917
1251,12.51,10661.718713656921,0.0004134667969,582857922.3823239
1252,12.52,10672.171376768581,0.0004171289062,583429351.59259
1253,12.53,10685.6105214096,0.00041926513670000005,584164046.6388986
1254,12.54,10710.99556547874,0.00042109619140000005,585551803.5703182
1255,12.55,10727.42118275268,0.000421706543,586449763.9663162
1256,12.56,10734.887373231419,0.00042536865229999995,586857927.8268929
1257,12.57,10708.009088397599,0.00042536865229999995,585388537.977452
1258,12.58,10772.2183211769,0.00042781005859999995,588898746.8865999
1259,12.59,10758.77917653588,0.0004287255859000001,588164051.8402911
1260,12.6,10778.191270890959,0.00043391357420000007,589225277.8291552
1261,12.61,10779.68450720742,0.00043574462890000006,589306910.504
1262,12.62,10797.603365246041,0.00043116699220000003,590286503.8180195
1263,12.63,10808.056028357702,0.0004354394531,590857933.0282856
1264,12.64,10828.961359029241,0.0004391015625,592000791.6919944
1265,12.65,10842.40049922204,0.0004433740234000001,592735486.4951265
1266,12.66,10839.41402658912,0.0004452050781,592572221.145437
1267,12.67,10860.319357260661,0.0004464257812,593715079.8091459
1268,12.68,10848.373453384318,0.00045100341799999996,593062017.6808584
1269,12.69,10860.319357260661,0.00044917236329999996,593715079.8091459
1270,12.7,10867.7855477394,0.0004506982422,594123243.6697226
1271,12.71,10899.143541522599,0.00045161376950000003,595837531.5436975
1272,12.72,10909.59620908248,0.0004574121094,596408960.9971402
1273,12.73,10899.143541522599,0.00045924316409999994,595837531.5436975
1274,12.74,10924.528585591743,0.0004616845703,597225288.4751172
1275,12.75,10940.954202865682,0.0004622949219,598123248.8711152
1276,12.76,10955.886583823161,0.00046626220700000004,598939576.5922686
1277,12.77,10972.3122010971,0.0004674829102000001,599837536.9882667
1278,12.78,10963.3527743019,0.0004702294922,599347740.4528452
1279,12.79,10973.80543741356,0.00047114501950000005,599919169.6631114
1280,12.8,10993.217531768641,0.0004781640625,600980395.6519755
1281,12.81,11012.629621675502,0.00047663818359999994,602041621.3976631
1282,12.82,11039.50790650932,0.0004824365234000001,603511011.2471038
1283,12.83,11026.06876631652,0.00048121582029999997,602776316.4439718
1284,12.84,11041.001142825779,0.00048457275390000005,603592643.9219484
1285,12.85,11046.97409698806,0.0004854882812,603919175.1076806
1286,12.86,11063.399714262,0.0004888452148,604817135.5036786
1287,12.87,11064.89295057846,0.0004906762695,604898768.1785233
1288,12.88,11067.8794276596,0.0004934228515999999,605062033.7713894
1289,12.89,11093.26447172874,0.0004964746094,606449790.7028089
1290,12.9,11096.25094880988,0.0004976953125,606613056.2956749
1291,12.91,11117.15627948142,0.0005031884765999999,607755914.9593837
1292,12.92,11105.210375605082,0.0005007470703,607102852.8310964
1293,12.93,11127.60894259308,0.0005068505859,608327344.1696498
1294,12.94,11160.46017714096,0.0005157006836,610123264.9616461
1295,12.95,11160.46017714096,0.0005132592773,610123264.9616461
1296,12.96,11173.899317333759,0.0005214990234000001,610857959.7647781
1297,12.97,11196.29788876998,0.0005199731445,612082451.3465083
1298,12.98,11181.3655078125,0.0005230249023,611266123.6253549
1299,12.99,11218.696455757981,0.0005269921875,613306942.6850619
1300,13.0,11193.311411688841,0.0005269921875,611919185.7536423
1301,13.01,11184.351984893641,0.0005312646484000001,611429389.218221
1302,13.02,11250.0544539894,0.0005352319336,615021230.8022133
1303,13.03,11250.0544539894,0.0005391992187,615021230.8022133
1304,13.04,11260.50711710106,0.0005410302734000001,615592660.0124794
1305,13.05,11273.94625729386,0.0005474389647999999,616327354.8156115
1306,13.06,11297.83806504654,0.0005483544922,617633479.0721865
1307,13.07,11294.8515879654,0.0005529321289000001,617470213.4793204
1308,13.08,11285.8921611702,0.0005547631836,616980416.943899
1309,13.09,11342.635203470758,0.0005602563477000001,620082461.9924699
1310,13.1,11330.68929959442,0.0005642236328,619429399.8641826
1311,13.11,11332.18253591088,0.0005669702147999999,619511032.5390273
1312,13.12,11362.04729337762,0.0005724633789000001,621143687.7381575
1313,13.13,11368.0202475399,0.0005788720703,621470218.9238895
1314,13.14,11333.67577667556,0.0005779565429999999,619592665.4570487
1315,13.15,11353.087866582418,0.0005779565429999999,620653891.202736
1316,13.16,11391.912055292581,0.0005858911133,622776343.1804645
1317,13.17,11420.283571994642,0.0005938256835999999,624327365.4615734
1318,13.18,11409.830908882981,0.0005993188477000001,623755936.2513072
1319,13.19,11426.25652615692,0.0006005395508,624653896.6473053
1320,13.2,11436.70918926858,0.0006032861328,625225325.8575715
1321,13.21,11424.76328984046,0.0006087792969,624572263.9724606
1322,13.22,11468.0671875,0.000612746582,626939613.974723
1323,13.23,11471.05366458114,0.000617019043,627102879.567589
1324,13.24,11491.95899525268,0.0006167138672,628245738.2312977
1325,13.25,11490.465754488001,0.0006289208984,628164105.3132765
1326,13.26,11512.864325924222,0.0006359399414,629388596.8950067
1327,13.27,11511.37108515954,0.0006426538086,629306963.9769853
1328,13.28,11524.81022980056,0.0006472314453,630041659.023294
1329,13.29,11527.79670243348,0.0006542504882999999,630204924.3729833
1330,13.3,11545.715560472101,0.0006627954102,631184517.6870029
1331,13.31,11569.60736377656,0.0006725610351999999,632490641.7004011
1332,13.32,11580.06003133644,0.0006728662109000001,633062071.1538438
1333,13.33,11569.60736377656,0.0006808007812,632490641.7004011
1334,13.34,11592.00593521278,0.0006869042969,633715133.2821311
1335,13.35,11600.96536200798,0.0006936181640999999,634204929.8175526
1336,13.36,11615.89774296546,0.0007052148437000001,635021257.5387061
1337,13.37,11627.843642393582,0.0007122338867,635674319.4238169
1338,13.38,11620.37745636306,0.000720168457,635266155.8064166
1339,13.39,11635.309832872319,0.0007293237304999999,636082483.2843934
1340,13.4,11651.73545014626,0.0007363427734,636980443.6803916
1341,13.41,11653.22869091094,0.0007445825195,637062076.598413
1342,13.42,11654.721927227401,0.0007540429687000001,637143709.2732577
1343,13.43,11681.600207613,0.0007631982422,638613098.8795218
1344,13.44,11689.066398091742,0.0007717431641,639021262.7400986
1345,13.45,11686.0799210106,0.0007796777344,638857997.1472325
1346,13.46,11702.50553828454,0.0007943261719,639755957.5432307
1347,13.47,11735.35677283242,0.0008092797852,641551878.3352269
1348,13.48,11741.3297269947,0.0008227075195,641878409.5209589
1349,13.49,11738.34324991356,0.0008388818359000001,641715143.9280928
1350,13.5,11729.38382311836,0.0008510888671999999,641225347.3926715
1351,13.51,11747.30267670876,0.0008660424805000001,642204940.4635143
1352,13.52,11778.66067494018,0.0008837426757999999,643919228.5806658
1353,13.53,11754.7688671875,0.0009032739257999999,642613104.3240911
1354,13.54,11774.180961542581,0.0009194482421999999,643674330.3129551
1355,13.55,11787.62010173538,0.0009368432617,644409025.1160872
1356,13.56,11784.633624654241,0.0009597314453000001,644245759.5232214
1357,13.57,11818.978095518582,0.0009820092773,646123312.9900622
1358,13.58,11790.606578816522,0.0010097802734000002,644572290.7089534
1359,13.59,11823.457813364399,0.0010348046875,646368211.5009494
1360,13.6,11799.566005611721,0.0010634912109000001,645062087.2443748
1361,13.61,11826.44428599732,0.0010943139648,646531476.8506389
1362,13.62,11845.856380352401,0.0011370385742,647592702.839503
1363,13.63,11829.430763078459,0.0011657250977,646694742.4435048
1364,13.64,11845.856380352401,0.0012026513672,647592702.839503
1365,13.65,11848.84285743354,0.0012386621094,647755968.432369
1366,13.66,11860.788761309881,0.0012798608398,648409030.5606564
1367,13.67,11869.74818810508,0.0013241113281,648898827.0960779
1368,13.68,11875.72113781914,0.0013723291016,649225358.0386332
1369,13.69,11884.680564614338,0.001420546875,649715154.5740546
1370,13.7,11880.200851216741,0.0014742578125,649470256.306344
1371,13.71,11892.14675509308,0.0015273583984,650123318.4346313
1372,13.72,11899.612945571818,0.0015865625,650531482.295208
1373,13.73,11893.63999140954,0.0016436303711,650204951.1094761
1374,13.74,11904.09265896942,0.0017068017577999998,650776380.5629188
1375,13.75,11905.58589528588,0.0017641748047,650858013.2377634
1376,13.76,11914.545322081081,0.0018279565430000002,651347809.773185
1377,13.77,11932.4641801197,0.0018999780273,652327403.0872042
1378,13.78,11920.51827624336,0.0019665063477,651674340.9589169
1379,13.79,11951.87627002656,0.0020418847656000004,653388628.8328918
1380,13.8,11942.916843231358,0.0021206201172000003,652898832.2974703
1381,13.81,11957.84922418884,0.0022011865234,653715160.0186238
1382,13.82,11971.28836438164,0.0022848046875,654449854.821756
1383,13.83,11966.808650984041,0.0023641503906,654204956.5540453
1384,13.84,11978.75455486038,0.0024492944336,654858018.6823326
1385,13.85,12028.0314066822,0.0025319970703,657551899.870327
1386,13.86,12002.646362613059,0.0026290429687,656164142.9389074
1387,13.87,11998.16664921546,0.0027215112305000004,655919244.6711967
1388,13.88,12005.63283524598,0.0028158105469,656327408.2885969
1389,13.89,12016.08550280586,0.0029088891602,656898837.7420396
1390,13.9,12031.01787931512,0.0030095971680000003,657715165.2200165
1391,13.91,12051.92321443488,0.0031109155273000002,658858024.1269019
1392,13.92,12053.41645075134,0.0032177270507999997,658939656.8017465
1393,13.93,12044.457023956142,0.0033196557617,658449860.2663252
1394,13.94,12057.89616414894,0.003432265625,659184555.0694573
1395,13.95,12044.457023956142,0.0035436547851999995,658449860.2663252
1396,13.96,12066.85559094414,0.0036556542969,659674351.6048787
1397,13.97,12059.3894004654,0.0037691796875,659266187.7443019
1398,13.98,12060.88264123008,0.0038991845703,659347820.6623232
1399,13.99,12086.26768529922,0.0040200341797,660735577.5937427
1400,14.0,12098.213589175559,0.0041533959961,661388639.72203
1401,14.01,12110.1594930519,0.0042858422852,662041701.8503176
1402,14.02,12089.254157932142,0.0044201196289,660898842.9434323
1403,14.03,12048.93673735374,0.0045586694336,658694758.5340358
1404,14.04,12102.693302573161,0.0047079003905999995,661633537.989741
1405,14.05,12089.254157932142,0.0048614038086,660898842.9434323
1406,14.06,12080.29473113694,0.0050200952148,660409046.4080107
1407,14.07,12078.80149482048,0.0051855004883,660327413.733166
1408,14.08,12060.88264123008,0.0053493798828,659347820.6623232
1409,14.09,12078.80149482048,0.0055334008789,660327413.733166
1410,14.1,12062.375877546541,0.0057213891601999994,659429453.337168
1411,14.11,12013.099025724721,0.0059173120117,656735572.1491736
1412,14.12,11984.72750457444,0.006119948730499999,655184549.6248881
1413,14.13,11941.423606914901,0.0063469995117,652817199.6226257
1414,14.14,11881.694091981419,0.0065926660156,649551889.2243651
1415,14.15,11789.113338051839,0.0068642724609,644490657.7909319
1416,14.16,11665.17459033906,0.0071789086914,637715138.4835237
1417,14.17,11505.39813544548,0.0075402368164,628980433.0344299
1418,14.18,11273.94625729386,0.0079934228516,616327354.8156115
1419,14.19,10957.37982013962,0.0085528100586,599021209.2671133
1420,14.2,10492.98282751992,0.0092861474609,573633420.1546319
1421,14.21,9759.80301325134,0.010298415527299999,533551734.0068019
1422,14.22,8572.678869474721,0.0106096948242,468653687.9567568
