,t,x,y,x0,y0,vx,vy,r,theta,omega,alpha,n,l,angle_o,theta_o
0,0.0,0.4884198419,0.038162422530000004,0.4887156746,0.8398691284,-0.0002958326999999983,-0.80170670587,0.8017067604516711,0.0003690036323841671,,,1626,0.75,15.0,0.2617993877991494
1,0.033366666669999996,0.464415994,0.03815942114,0.4887012921,0.8399083022,-0.02428529810000002,-0.80174888106,0.8021166024866758,0.030281145925100016,,,1626,0.75,15.0,0.2617993877991494
2,0.06673333332999999,0.4400279956,0.038343448530000004,0.4886676454,0.8399275731999999,-0.04863964980000002,-0.8015841246699998,0.8030584813421975,0.06060509799476697,,,1626,0.75,15.0,0.2617993877991494
3,0.1001,0.4169064203,0.04006300772,0.4886455118,0.8399573528000001,-0.07173909149999996,-0.79989434508,0.8031048876331207,0.08944639979930762,,,1626,0.75,15.0,0.2617993877991494
4,0.1334666667,0.39434731450000005,0.04241418066000001,0.4886451652,0.8400002815000001,-0.09429785069999996,-0.79758610084,0.8031411288807181,0.11768275622338445,,,1626,0.75,15.0,0.2617993877991494
5,0.1668333333,0.37329093469999997,0.04493690468,0.4886423122,0.8400481794,-0.11535137750000002,-0.79511127472,0.8034350499436845,0.14407062705902204,0.8613483938886352,,1626,0.75,15.0,0.2617993877991494
6,0.2002,0.35396613579999997,0.04766059315000001,0.4886532647,0.8400467409000001,-0.1346871289,-0.79238614775,0.8037514726813321,0.16836744574742354,0.827690107998253,,1626,0.75,15.0,0.2617993877991494
7,0.2335666667,0.3369757432,0.05045509467,0.4886596556,0.8400386493,-0.1516839124,-0.7895835546300001,0.8040212677679099,0.18979399395153626,0.7743590159503061,,1626,0.75,15.0,0.2617993877991494
8,0.26693333329999996,0.3222547871,0.052807107580000005,0.4886533249,0.8400234479,-0.16639853780000002,-0.7872163403200001,0.804610489521975,0.208309584584717,0.7124666434938967,,1626,0.75,15.0,0.2617993877991494
9,0.3003,0.3100945306,0.0552698187,0.4886597636,0.8400086737000001,-0.17856523300000005,-0.7847388550000001,0.8047984921600285,0.22373770318114236,0.6356939871237289,,1626,0.75,15.0,0.2617993877991494
10,0.3336666667,0.3010106732,0.05736438284,0.4886703696,0.8399900625,-0.18765969639999996,-0.78262567966,0.8048099875847821,0.23533901946775831,0.5470632906147398,-1.8838267909685775,1626,0.75,15.0,0.2617993877991494
11,0.3670333333,0.2943303383,0.05941479777000001,0.4886788622,0.8399739117,-0.19434852390000001,-0.78055911393,0.8043903772928264,0.24402436302942465,0.4534880165824006,-2.242969583397657,1626,0.75,15.0,0.2617993877991494
12,0.4004,0.2901423143,0.06070382659,0.4886876273,0.8399739605,-0.198545313,-0.77927013391,0.8041655196030089,0.2494758586024484,0.3577334540936458,-2.497256112530176,1626,0.75,15.0,0.2617993877991494
13,0.4337666667,0.2894521736,0.06159215044,0.48870473840000006,0.8399599437999999,-0.1992525648000001,-0.77836779336,0.8034662446671259,0.2506061378334298,0.25352579344530535,-2.7508942033373125,1626,0.75,15.0,0.2617993877991494
14,0.4671333333,0.2913573427,0.061542279629999995,0.48870456659999995,0.8399424098,-0.19734722389999992,-0.77840013017,0.803027203418234,0.2482975693525415,0.14721198533748142,-2.927964052520894,1626,0.75,15.0,0.2617993877991494
15,0.5005,0.2964689031,0.06018389216,0.4887081509,0.8399370951,-0.1922392478,-0.7797532029400001,0.8031008566113591,0.24171821261169074,0.038236921903454346,-3.049908300916894,1626,0.75,15.0,0.2617993877991494
16,0.5338666667,0.303862438,0.05912683169,0.4887110939,0.8399253993000001,-0.1848486559,-0.7807985676100001,0.8023810994595177,0.23246317191178362,-0.0692978487877603,-3.1335816074798943,1626,0.75,15.0,0.2617993877991494
17,0.5672333333,0.3144166938,0.05708087688999999,0.4887198972,0.8399101886,-0.1743032034,-0.78282931171,0.801999587274117,0.2190841714419236,-0.18216795537211253,-3.2361722909759205,1626,0.75,15.0,0.2617993877991494
18,0.6006,0.3271704521,0.05463782329,0.4887188154,0.8399165734,-0.1615483633,-0.78527875011,0.801723511604364,0.2028904616075584,-0.28600804902020005,-3.2339690824765874,1626,0.75,15.0,0.2617993877991494
19,0.6339666667,0.3426647169,0.052453954649999995,0.4887218107,0.8399179962000001,-0.14605709379999998,-0.78746404155,0.8008946818299908,0.1833937100023414,-0.38903412159057593,-3.2142623759781044,1626,0.75,15.0,0.2617993877991494
20,0.6673333333,0.3604146333,0.04992251926,0.48872674829999996,0.8399258444,-0.12831211499999995,-0.7900033251399999,0.8003557037892775,0.1610136841283669,-0.48374342843899115,-3.1287533549572237,1626,0.75,15.0,0.2617993877991494
21,0.7007,0.3796890676,0.047569063110000004,0.4887372255,0.8399350945999999,-0.1090481579,-0.79236603149,0.799834625782477,0.13676433340750938,-0.5736194110409851,-3.022906464032411,1626,0.75,15.0,0.2617993877991494
22,0.7340666667,0.401013865,0.04529235618,0.48875810159999994,0.8399822959000001,-0.08774423659999991,-0.79468993972,0.7995193251877618,0.10996774030980203,-0.6540445415970879,-2.828431083437984,1626,0.75,15.0,0.2617993877991494
23,0.7674333333,0.4239495505,0.04330602937,0.4887597568,0.8400206738,-0.0648102063,-0.79671464443,0.7993463501448353,0.08116810122101722,-0.7296045592192371,-2.658920146365698,1626,0.75,15.0,0.2617993877991494
24,0.8008,0.44672661189999996,0.04282557111,0.4887566476,0.8400447823999999,-0.042030035700000024,-0.79721921129,0.79832637107313,0.05267203716244176,-0.7835464897660853,-2.364709497191156,1626,0.75,15.0,0.2617993877991494
25,0.8341666667000001,0.4698884901,0.04265589432,0.48875885880000003,0.8400637775,-0.01887036870000003,-0.79740788318,0.7976311321484904,0.023660221722690312,-0.8232974761346247,-2.0352889951433624,1626,0.75,15.0,0.2617993877991494
26,0.8675333332999999,0.49375754270000005,0.042887551260000004,0.4887542959,0.8400760414,0.005003246800000027,-0.79718849014,0.7972041904620387,-0.006276032797053823,-0.8573848141280239,-1.7008915303936287,1626,0.75,15.0,0.2617993877991494
27,0.9009,0.51846662,0.04352575031000001,0.4887663133,0.8400964915000001,0.029700306700000012,-0.79657074119,0.7971242399639219,-0.03726794576019184,-0.8825315839534753,-1.3695527000686987,1626,0.75,15.0,0.2617993877991494
28,0.9342666667,0.5420533614,0.04522918432,0.4887551871,0.8400967259000001,0.053298174300000056,-0.7948675415800001,0.7966524361609311,-0.06695267888890488,-0.8878368429287671,-0.9484452560526825,1626,0.75,15.0,0.2617993877991494
29,0.9676333333,0.5643985935,0.04803689341,0.488750411,0.8400628684,0.0756481825,-0.79202597499,0.7956304371845093,-0.09522338921794873,-0.886486073981334,-0.6170204860394941,1626,0.75,15.0,0.2617993877991494
30,1.001,0.587692772,0.05043164125,0.48874638060000003,0.8400553618000001,0.0989463914,-0.7896237205500001,0.7957989748839255,-0.12465852166157466,-0.8890234359805887,-0.39396179688493915,1626,0.75,15.0,0.2617993877991494
31,1.034366667,0.6066529943,0.05280609396000001,0.4887496976,0.8400406965,0.1179032967,-0.78723460254,0.7960147654466216,-0.14866397029998343,-0.8534741423404921,0.023440589900883893,1626,0.75,15.0,0.2617993877991494
32,1.067733333,0.6249381143,0.05626301114,0.4887479992,0.8400462981999999,0.1361901151,-0.7837832870599999,0.795527490741539,-0.172042174946932,-0.8078375537234671,0.4477164738605176,1626,0.75,15.0,0.2617993877991494
33,1.1011,0.6408928411,0.05953386039,0.4887443568,0.8400261894,0.1521484843,-0.78049232901,0.7951839013198403,-0.1925246226489984,-0.7526789760577154,0.8101370560688731,1626,0.75,15.0,0.2617993877991494
34,1.134466667,0.6547406752,0.06277750193,0.4887405996,0.8400066508,0.16600007560000002,-0.77722914887,0.7947585639377474,-0.21041785678968358,-0.6904763222034395,1.1748836153032238,1626,0.75,15.0,0.2617993877991494
35,1.167833333,0.6659743842,0.06567252863,0.4887327515,0.8399728271,0.17724163269999998,-0.77430029847,0.7943271042668082,-0.22502867369620458,-0.6016193049352332,1.7227021186075773,1626,0.75,15.0,0.2617993877991494
36,1.2012,0.6749670506000001,0.06817417169,0.488730345,0.8399350908,0.18623670560000005,-0.77176091911,0.7939137401369579,-0.23678703460409944,-0.5282101703722198,1.9496341781351492,1626,0.75,15.0,0.2617993877991494
37,1.234566667,0.6811115212000001,0.0694415913,0.4887279818,0.8399197070000001,0.19238353940000008,-0.7704781157,0.794133460448994,-0.24469036968204008,-0.4354537103457666,2.2320709669785215,1626,0.75,15.0,0.2617993877991494
38,1.267933333,0.6844509179,0.07023321622,0.488726536,0.8399217729999999,0.19572438190000002,-0.7696885567799999,0.7941841776994907,-0.24901255699221397,-0.3385890238072659,2.482057705438409,1626,0.75,15.0,0.2617993877991494
39,1.3013,0.6851160479999999,0.07071350036,0.4887201987,0.8399136207,0.19639584929999993,-0.76920012034,0.7938766621795471,-0.24998390521777628,-0.23715912906789732,2.7171859456957055,1626,0.75,15.0,0.2617993877991494
40,1.334666667,0.6830594165,0.06957438223,0.4887193008,0.8399236357,0.19434011570000004,-0.7703492534699999,0.7944847719699073,-0.24711900539072196,-0.1324095792637439,2.8124458800244416,1626,0.75,15.0,0.2617993877991494
41,1.368033333,0.6779808895999999,0.06764384088,0.4887158539,0.8399206356000001,0.18926503569999992,-0.7722767947200001,0.795130619081871,-0.24033716983361944,-0.02127953227043982,3.0385453440375456,1626,0.75,15.0,0.2617993877991494
42,1.4014,0.6706096844,0.06471491032,0.4887158063,0.8399144715000001,0.18189387810000002,-0.7751995611800001,0.7962535667385876,-0.23047206114917992,0.08522462571919606,3.1209490361441508,1626,0.75,15.0,0.2617993877991494
43,1.4347666669999999,0.6607304583,0.06217304216,0.4887116689,0.8399226592,0.17201878939999998,-0.77774961704,0.7965456237482623,-0.2176708055536672,0.18786264410854656,3.155554421517822,1626,0.75,15.0,0.2617993877991494
44,1.4681333330000002,0.6481219147999999,0.05902748512,0.4887060475,0.8399284537,0.1594158672999999,-0.78090096858,0.7970067386642308,-0.2013765141077716,0.2913529994875984,3.1679049297612867,1626,0.75,15.0,0.2617993877991494
45,1.5015,0.6325572343,0.05539151672999999,0.4887006084,0.8399505928000001,0.14385662589999998,-0.7845590760700001,0.7976388109032463,-0.18134541806443927,0.39424727274248234,3.1567842961733508,1626,0.75,15.0,0.2617993877991494
46,1.534866667,0.6157699536,0.05233883112,0.48870004640000003,0.8399576264,0.12706990719999994,-0.78761879528,0.7978033141032539,-0.15995596072963872,0.4818054443614701,3.0154943353012245,1626,0.75,15.0,0.2617993877991494
47,1.5682333330000002,0.5955568681,0.04830077981000001,0.4886921983,0.8399744567,0.10686466979999998,-0.79167367689,0.7988537214859772,-0.1341747389008744,0.577206738295668,2.948943790647038,1626,0.75,15.0,0.2617993877991494
48,1.6016,0.5752775109,0.045440991289999996,0.4886737922,0.8399705082,0.0866037187,-0.79452951691,0.7992354830298181,-0.10857137672636988,0.6539426238005637,2.7936861640512176,1626,0.75,15.0,0.2617993877991494
49,1.6349666669999998,0.553019726,0.04281946395,0.48866091429999997,0.8399821015000001,0.06435881170000007,-0.79716263755,0.7997564175104247,-0.08056012694405257,0.7241741415989762,2.5943324942307195,1626,0.75,15.0,0.2617993877991494
50,1.668333333,0.529204444,0.040651837860000005,0.4886659246,0.840012922,0.04053851939999997,-0.79936108414,0.8003883522344764,-0.05067024203040614,0.7832678040654835,2.3317914431306876,1626,0.75,15.0,0.2617993877991494
51,1.7017,0.5060313250999999,0.03962418831,0.4886570303,0.8400342293,0.017374294799999912,-0.80041004099,0.8005985884557947,-0.021703334365306484,0.8286870628362892,2.07921047957724,1626,0.75,15.0,0.2617993877991494
52,1.735066667,0.4808091066,0.039319953399999996,0.48866259310000004,0.8400549232,-0.007853486500000062,-0.8007349697999999,0.8007734817729746,0.009807533068525272,0.8630305925935015,1.713229878775932,1626,0.75,15.0,0.2617993877991494
53,1.7684333330000002,0.457125238,0.03895268006,0.48865415630000003,0.8400591601999999,-0.03152891830000004,-0.80110648014,0.8017266773729488,0.039336411922926,0.8865601894375349,1.3943111105974424,1626,0.75,15.0,0.2617993877991494
54,1.8018,0.43426818770000003,0.03992367147,0.488659561,0.8400751315999999,-0.05439137329999999,-0.8001514601299999,0.8019979929137172,0.06787193498553333,0.8897026600204715,0.9921789216855013,1626,0.75,15.0,0.2617993877991494
55,1.835166667,0.4106771172,0.0409010653,0.4886698933,0.8400796606,-0.0779927761,-0.7991785953,0.8029752800114497,0.0972831102813189,0.8868332717302903,0.6207720277533701,1626,0.75,15.0,0.2617993877991494
56,1.868533333,0.38942347,0.0430932613,0.48866312310000004,0.8400758708,-0.09923965310000005,-0.7969826095,0.8031374655641698,0.12388158344569503,0.8726368874313148,0.2634355173215434,1626,0.75,15.0,0.2617993877991494
57,1.9019,0.36981350979999994,0.045519651950000004,0.4886594501,0.84006061,-0.11884594030000006,-0.79454095805,0.8033801662630234,0.1484773224805615,0.8311875406197253,-0.19086744249149007,1626,0.75,15.0,0.2617993877991494
58,1.9352666669999998,0.3514478591,0.04807933135,0.48866148719999997,0.8400464693,-0.13721362809999998,-0.7919671379500001,0.8037658411061517,0.17155368805697388,0.7925111377414373,-0.5637305739653146,1626,0.75,15.0,0.2617993877991494
59,1.968633333,0.3354973603,0.05061586631,0.48866378039999997,0.8400337176,-0.15316642009999998,-0.78941785129,0.8041395999337243,0.19164335986129385,0.7418866774148766,-0.8860099034503088,1626,0.75,15.0,0.2617993877991494
60,2.002,0.32146539879999997,0.05287507109,0.488648449,0.8400200645999999,-0.16718305020000002,-0.7871449935099999,0.804703307487942,0.20928175385599895,0.6713205342006812,-1.2917846276321872,1626,0.75,15.0,0.2617993877991494
61,2.035366667,0.31041668219999996,0.05515799203,0.48866727179999997,0.8400137534000001,-0.1782505896,-0.78485576137,0.8048427416883562,0.22332428130975945,0.596060121102681,-1.6578027786151521,1626,0.75,15.0,0.2617993877991494
62,2.068733333,0.3020077515,0.05707167157,0.48867528670000004,0.8400019406,-0.18666753520000007,-0.78293026903,0.8048755027089788,0.23405206909955092,0.5129355544182292,-1.9076043510100493,1626,0.75,15.0,0.2617993877991494
63,2.1021,0.2968347398,0.059054504339999994,0.48867663920000004,0.8399865834,-0.19184189940000002,-0.78093207906,0.8041506242429796,0.24088754006200297,0.41558752035394436,-2.259282399332791,1626,0.75,15.0,0.2617993877991494
64,2.1354666669999998,0.2940861455,0.05965598688999999,0.4886865929,0.8399574714,-0.1946004474,-0.78030148451,0.8042013061769981,0.2444057422499122,0.3162580331359974,-2.5512206195415503,1626,0.75,15.0,0.2617993877991494
65,2.1688333330000003,0.2941689945,0.059709994429999996,0.4886979095,0.8399351137000001,-0.19452891500000002,-0.78022511927,0.8041099026320737,0.24434240798887563,0.21015377522510797,-2.764236372765359,1626,0.75,15.0,0.2617993877991494
66,2.2022,0.2968531437,0.05943815847,0.4887060647,0.8399234854000001,-0.191852921,-0.7804853269300001,0.8037194092774301,0.2410334649042355,0.10614895155381451,-2.9365304574704507,1626,0.75,15.0,0.2617993877991494
67,2.235566667,0.3030678581,0.05869620686000001,0.4887116668,0.8399091873000001,-0.18564380870000002,-0.7812129804400001,0.8029678352939115,0.23330790607670127,-0.004460517574917259,-3.1012751258202944,1626,0.75,15.0,0.2617993877991494
68,2.268933333,0.3113809578,0.05699778993,0.4887172114,0.8399032289,-0.1773362536,-0.78290543897,0.802738483697955,0.22275163274207416,-0.10870673935435259,-3.1426229981041316,1626,0.75,15.0,0.2617993877991494
69,2.3023,0.32261337739999996,0.054750641339999996,0.48871942479999997,0.8398968484999999,-0.1661060474,-0.7851462071599999,0.8025246323949095,0.20848646303925725,-0.21530037273818933,-3.1861642391443623,1626,0.75,15.0,0.2617993877991494
70,2.335666667,0.33651258840000003,0.05245459683999999,0.4887220897,0.8398954941,-0.15220950129999994,-0.78744089726,0.8020167697521221,0.1909415729519911,-0.3200849220983578,-3.178253898259982,1626,0.75,15.0,0.2617993877991494
71,2.369033333,0.35224800799999995,0.05007899263999999,0.48872775450000006,0.8399099095,-0.1364797465000001,-0.78983091686,0.8015357748925575,0.17110651261082846,-0.41914257956372897,-3.148600649028239,1626,0.75,15.0,0.2617993877991494
72,2.4024,0.3701529524,0.047730623039999996,0.4887391505,0.839930232,-0.11858619809999998,-0.7921996089600001,0.8010261586341544,0.14858902540390206,-0.5078054734852527,-3.0170526526388337,1626,0.75,15.0,0.2617993877991494
73,2.4357666669999998,0.3895655522,0.04534230446,0.48875585340000005,0.8399413466,-0.09919030120000005,-0.79459904214,0.80076610419145,0.12418822945609523,-0.5907896241837985,-2.889607672408216,1626,0.75,15.0,0.2617993877991494
74,2.4691333330000003,0.410814479,0.04339196302,0.48876607340000006,0.8399834394,-0.07795159440000005,-0.7965914763799999,0.8003964213505519,0.0975458540792291,-0.664978688371361,-2.6953745731333463,1626,0.75,15.0,0.2617993877991494
75,2.5025,0.4331386329,0.0425998037,0.4887715392,0.840017392,-0.05563290630000001,-0.7974175883,0.7993558846931528,0.06965347684677606,-0.7270015677934873,-2.439060788991199,1626,0.75,15.0,0.2617993877991494
76,2.535866667,0.45617498380000004,0.04167964503,0.488767031,0.8400232568000001,-0.032592047199999974,-0.7983436117700001,0.7990086132168136,0.04080192830187547,-0.7810464515916582,-2.169253956518507,1626,0.75,15.0,0.2617993877991494
77,2.569233333,0.4791484626,0.04104648382,0.4887582722,0.8400500309000001,-0.009609809600000019,-0.7990035470800001,0.7990613347465702,0.01202666284488122,-0.8185556360891469,-1.8626383745016266,1626,0.75,15.0,0.2617993877991494
78,2.6026,0.5026029396,0.04227383818,0.48875722689999995,0.8400526601,0.013845712700000068,-0.79777882192,0.7978989613129184,-0.017353585263383726,-0.8484024773555009,-1.5441329706182787,1626,0.75,15.0,0.2617993877991494
79,2.635966667,0.5262763546,0.0430124441,0.4887372351,0.8400496517,0.037539119499999996,-0.7970372076,0.797920732774654,-0.04706354853425115,-0.8667896173955858,-1.2096559061426404,1626,0.75,15.0,0.2617993877991494
80,2.669333333,0.5485279311,0.04510552554,0.48875345299999995,0.8400429492,0.05977447810000003,-0.79493742366,0.7971815952261603,-0.07505270156146646,-0.8673697180787688,-0.8413675509880487,1626,0.75,15.0,0.2617993877991494
81,2.7027,0.5716446849,0.048546328949999995,0.48874726350000003,0.8400471790999999,0.08289742139999995,-0.7915008501499999,0.7958301189719712,-0.1043540151345792,-0.8700655863317364,-0.53358122188277,1626,0.75,15.0,0.2617993877991494
82,2.736066667,0.5917419998,0.05007428647,0.4887552418,0.8400627463,0.10298675799999996,-0.78998845983,0.7966731067306879,-0.12963381230828058,-0.8491137286991418,-0.18316538843987518,1626,0.75,15.0,0.2617993877991494
83,2.7694333330000003,0.6106720345000001,0.05269615529,0.48874133340000003,0.8400624392,0.12193070110000004,-0.78736628391,0.7967513796090849,-0.15363853793139348,-0.8168928395063962,0.1888689619100963,1626,0.75,15.0,0.2617993877991494
84,2.8028,0.627909242,0.05565180117000001,0.48873332329999997,0.8400342931999999,0.1391759187,-0.7843824920299999,0.7966340628853262,-0.1756061075267272,-0.7704848613886257,0.577251278990265,1626,0.75,15.0,0.2617993877991494
85,2.836166667,0.6426173453,0.05894940362000001,0.4887405146,0.8400387125,0.15387683070000002,-0.7810893088799999,0.7961021212588951,-0.1945120440870552,-0.7160400079851438,0.9070711803107263,1626,0.75,15.0,0.2617993877991494
86,2.869533333,0.6555065371000001,0.061898424060000005,0.4887295245,0.8400186170999999,0.16677701260000005,-0.7781201930399999,0.7957924394893352,-0.2111387603471506,-0.640068415661134,1.3786044471485546,1626,0.75,15.0,0.2617993877991494
87,2.9029,0.6661250475,0.06446549656,0.48873349549999995,0.8400159287000001,0.17739155200000006,-0.7755504321400001,0.7955791824284428,-0.2248617409381438,-0.5707967693019144,1.6682335061948526,1626,0.75,15.0,0.2617993877991494
88,2.936266667,0.6735632973000001,0.06647341427,0.4887311919,0.840004677,0.1848321054000001,-0.7735312627300001,0.7953071869455632,-0.23454802951717976,-0.48497197269230313,1.9895356453438526,1626,0.75,15.0,0.2617993877991494
89,2.969633333,0.6784149495,0.06729164682,0.4887289577,0.8399868309,0.1896859918,-0.77269518408,0.7956372433374237,-0.240725874140444,-0.3903282792096555,2.2786608777692687,1626,0.75,15.0,0.2617993877991494
90,3.003,0.6805069649,0.06744503749,0.48872529719999996,0.8399557623999999,0.1917816677,-0.77251072491,0.7959604438455261,-0.2433380972863666,-0.29266365261661353,2.5377203864475226,1626,0.75,15.0,0.2617993877991494
91,3.036366667,0.6801988695000001,0.06677676492000001,0.4887250069,0.8399400981,0.1914738626000001,-0.7731633331800001,0.7965197924929245,-0.24276563345933683,-0.1895716651122896,2.700280196094198,1626,0.75,15.0,0.2617993877991494
92,3.0697333330000003,0.6770158498000001,0.06580220376,0.4887139077,0.8399320875,0.18830194210000006,-0.77412988374,0.7967023900415623,-0.23860941823256135,-0.0824036617528239,2.9274312725705562,1626,0.75,15.0,0.2617993877991494
93,3.1031,0.6710679671,0.06388565995,0.4887113072,0.8399247069,0.18235665990000005,-0.77603904695,0.7971766139325392,-0.23079667618927485,0.022485634108465536,3.0417039064811227,1626,0.75,15.0,0.2617993877991494
94,3.136466667,0.6626139817,0.061703357400000006,0.4887065001,0.8399317569,0.17390748159999997,-0.7782283995,0.7974228827571892,-0.21985375064636153,0.1251076320813373,3.0895259109397486,1626,0.75,15.0,0.2617993877991494
95,3.169833333,0.6518401729,0.05886546054,0.48870442020000004,0.8399445143000001,0.16313575269999991,-0.7810790537600001,0.7979334320804039,-0.2058995814459109,0.22440669283803044,3.099322811902416,1626,0.75,15.0,0.2617993877991494
96,3.2032,0.6380583111,0.05558732507,0.48869837979999997,0.8399445952,0.14935993130000003,-0.78435727013,0.798451448920801,-0.18817050488547413,0.3272435246460986,3.0977933142581695,1626,0.75,15.0,0.2617993877991494
97,3.236566667,0.6224258054999999,0.05226704015,0.4886936187,0.8399646933,0.13373218679999993,-0.78769765315,0.7989692675969006,-0.16817247792765186,0.42219943816929234,3.024593975311436,1626,0.75,15.0,0.2617993877991494
98,3.269933333,0.6047690397,0.04921316557,0.48868468950000005,0.8399717749,0.11608435019999991,-0.79075860933,0.7992338547577121,-0.14576012468758298,0.5097096095947486,2.9204234878383275,1626,0.75,15.0,0.2617993877991494
99,3.3033,0.5849063085,0.04565797153,0.48867087719999996,0.8399854868000001,0.09623543130000006,-0.7943275152700001,0.8001359008021758,-0.12056573780798975,0.595132938140759,2.8173344737094665,1626,0.75,15.0,0.2617993877991494
100,3.336666667,0.5637864052,0.04324078546,0.48867154,0.8399918284000001,0.07511486519999999,-0.7967510429400001,0.8002839917179351,-0.09399862553167883,0.6707349937842653,2.6752944844400512,1626,0.75,15.0,0.2617993877991494
101,3.3700333330000003,0.5414859521000001,0.040674325469999995,0.48867074060000004,0.840003918,0.052815211500000014,-0.7993295925299999,0.801072558548828,-0.06597848003738502,0.7324197439929265,2.4286287359175907,1626,0.75,15.0,0.2617993877991494
102,3.4034,0.5174608041,0.03887317997,0.48867126920000004,0.8400131814,0.028789534899999913,-0.8011400014300001,0.8016571207261985,-0.035920253319269395,0.7927206191039927,2.2209061572419215,1626,0.75,15.0,0.2617993877991494
103,3.4367666669999997,0.49446856159999997,0.03824301484,0.4886692172,0.8400434537,0.005799344399999962,-0.80180043886,0.8018214116320157,-0.0072327763760687315,0.8303337478179387,1.9218229871337964,1626,0.75,15.0,0.2617993877991494
104,3.470133333,0.47115789280000003,0.03820671135,0.48866770979999996,0.8400680748,-0.017509816999999928,-0.80186136345,0.8020525169122448,0.02183299447815244,0.853538871915703,1.5488867468804974,1626,0.75,15.0,0.2617993877991494
105,3.5035,0.4480114335,0.03845080611,0.4886724191,0.8400785212,-0.04066098559999998,-0.8016277150900001,0.8026582768216981,0.05067959522639472,0.8672021137626663,1.1776250830111572,1626,0.75,15.0,0.2617993877991494
106,3.536866667,0.4255150653,0.0396124805,0.48867268770000005,0.8400624262,-0.06315762240000006,-0.8004499457,0.8029377316070991,0.07873952001247177,0.8674405510736589,0.8093155188723653,1626,0.75,15.0,0.2617993877991494
107,3.570233333,0.4032242244,0.04162487693,0.4886746339,0.8400648577,-0.08545040949999999,-0.79843998077,0.8029994865351507,0.10661589571813217,0.8543625487628971,0.36948210323982955,1626,0.75,15.0,0.2617993877991494
108,3.6036,0.38263545909999996,0.04324273672,0.4886676539,0.8400772764,-0.10603219480000003,-0.79683453968,0.8038582648459506,0.13228961148754464,0.8362980207978996,0.035749887634633645,1626,0.75,15.0,0.2617993877991494
109,3.636966667,0.36356509719999996,0.04577969328,0.488680381,0.8400684048999999,-0.12511528380000003,-0.7942887116199999,0.8040823288987975,0.1562349147860325,0.8056059078833463,-0.28731047085018635,1626,0.75,15.0,0.2617993877991494
110,3.6703333330000003,0.3465521071,0.04829586063,0.4886818786,0.8400563448999999,-0.1421297715,-0.7917604842699999,0.8044162705950862,0.1776193118095846,0.7608774372793982,-0.6373107608849282,1626,0.75,15.0,0.2617993877991494
111,3.7037,0.331788999,0.0509099439,0.4886830984,0.8400362059,-0.15689409940000004,-0.789126262,0.8045719456982264,0.19626070691499684,0.7044226916792516,-0.9771300165785725,1626,0.75,15.0,0.2617993877991494
112,3.7370666669999997,0.3195731752,0.05291205713,0.48868509670000004,0.8400301173,-0.16911192150000004,-0.78711806017,0.8050799231375764,0.21163230485708248,0.6294689795594594,-1.3480133883521515,1626,0.75,15.0,0.2617993877991494
113,3.770433333,0.31018615829999996,0.054936519870000006,0.4886758627,0.8400374306,-0.17848970440000006,-0.78510091073,0.8051347803975896,0.22354645890566086,0.5469941013472248,-1.734089461923887,1626,0.75,15.0,0.2617993877991494
114,3.8038,0.3034429839,0.056900462539999995,0.4886722129,0.8400189068,-0.185229229,-0.78311844426,0.8047262671344444,0.23225924480635593,0.45569028527976313,-2.0973963183292246,1626,0.75,15.0,0.2617993877991494
115,3.837166667,0.2990147632,0.05777371096,0.48867458909999995,0.8400041173,-0.18965982589999997,-0.7822304063400001,0.8048945633828446,0.23786999163361158,0.36114293240033163,-2.3960109943199583,1626,0.75,15.0,0.2617993877991494
116,3.870533333,0.29764256079999996,0.05828433387,0.4886803583,0.8399800001000001,-0.19103779750000005,-0.7816956662300001,0.8047009100755477,0.2396907601487857,0.2603200046045292,-2.6619542214659484,1626,0.75,15.0,0.2617993877991494
117,3.9039,0.2986460691,0.058970233610000006,0.48868503609999997,0.8399647811,-0.19003896699999995,-0.78099454749,0.8037831126538657,0.23869070387396438,0.16218820427513433,-2.8008837399571433,1626,0.75,15.0,0.2617993877991494
118,3.937266667,0.3028307602,0.058081418329999995,0.4886952765,0.8399410379000001,-0.1858645163,-0.78185961957,0.8036479845887614,0.2333890695796577,0.05899666678722841,-2.9250595185908184,1626,0.75,15.0,0.2617993877991494
119,3.9706333330000003,0.3100451023,0.056876706379999996,0.4887054112,0.8399313817,-0.1786603089,-0.7830546753200001,0.8031775211724704,0.2243183776860976,-0.04759760606743317,-3.0167106977196267,1626,0.75,15.0,0.2617993877991494
120,4.004,0.31978303469999997,0.05484119456,0.4887141925,0.8399223013,-0.1689311578,-0.78508110674,0.8030504842385389,0.21194504196433933,-0.15539430215953376,-3.0961272491488407,1626,0.75,15.0,0.2617993877991494
121,4.037366667,0.3318761152,0.052533415130000004,0.4887154573,0.8399186079000001,-0.1568393421,-0.7873851927700001,0.8028536734821676,0.1966166970214168,-0.25818618999235754,-3.1079292072947204,1626,0.75,15.0,0.2617993877991494
122,4.070733333,0.3464736504,0.05037205058,0.4887251946,0.8399223303,-0.14225154420000002,-0.7895502797199999,0.8022625169065389,0.17825547634798475,-0.3622491232775814,-3.1434805476382617,1626,0.75,15.0,0.2617993877991494
123,4.1041,0.36302973590000004,0.04789240586,0.4887370917,0.8399192667000001,-0.12570735579999998,-0.7920268608400001,0.8019407007966939,0.15740308724660554,-0.4554604290146914,-3.083658885089828,1626,0.75,15.0,0.2617993877991494
124,4.137466667,0.3817391003,0.04562236593999999,0.48874399909999994,0.8399203195999999,-0.10700489879999991,-0.7942979536599999,0.8014731982765622,0.13391011686468982,-0.5419076518575099,-2.9628973477637106,1626,0.75,15.0,0.2617993877991494
125,4.170833333,0.4017200752,0.0434890926,0.488742415,0.839940496,-0.08702233979999996,-0.7964514034,0.8011914412935875,0.10883087034249557,-0.6180669751172831,-2.7732628303813667,1626,0.75,15.0,0.2617993877991494
126,4.2042,0.4227155875,0.042237407319999996,0.4887551257,0.8399586659,-0.06603953820000003,-0.79772125858,0.8004501402311879,0.08259688435414334,-0.6834354337355474,-2.548946490479184,1626,0.75,15.0,0.2617993877991494
127,4.237566667,0.44537261780000004,0.04080677203,0.4887608175,0.8399730928,-0.04338819969999996,-0.7991663207699999,0.800343266434013,0.05423857765409667,-0.7433580267030415,-2.2843690286803797,1626,0.75,15.0,0.2617993877991494
128,4.270933333,0.46771170310000004,0.04055086996,0.4887681446,0.8400135897,-0.021056441499999967,-0.7994627197399999,0.7997399664783051,0.026332152874822243,-0.7856399819615361,-1.9790982590040251,1626,0.75,15.0,0.2617993877991494
129,4.3043,0.4909692343,0.04058982917,0.4887593377,0.8400603459,0.002209896599999983,-0.79947051673,0.7994735710225298,-0.0027641932070280335,-0.8192266256124462,-1.662251574332806,1626,0.75,15.0,0.2617993877991494
130,4.337666667,0.5144647187,0.041021212339999995,0.48875929079999997,0.8400844664,0.025705427900000022,-0.79906325406,0.7994766119233747,-0.03215836290898464,-0.8450903007572168,-1.3607791610707332,1626,0.75,15.0,0.2617993877991494
131,4.371033333,0.5372875161999999,0.04272692558999999,0.48875796380000003,0.8400715758,0.0485295523999999,-0.79734465021,0.7988201353713185,-0.060788970726236305,-0.8594556919794102,-1.0550665040604437,1626,0.75,15.0,0.2617993877991494
132,4.4044,0.5582848353000001,0.04525329641,0.4887443312,0.8400563598,0.06954050410000007,-0.7948030633900001,0.7978394520732919,-0.08727176461776896,-0.8482138313177336,-0.6285063150879979,1626,0.75,15.0,0.2617993877991494
133,4.437766667,0.5817188837,0.04811961307,0.4887450607,0.8400345183,0.09297382300000001,-0.79191490523,0.7973539671241845,-0.11686880470908954,-0.8583473895304622,-0.4358086324230444,1626,0.75,15.0,0.2617993877991494
134,4.471133333,0.5998158765,0.049964970549999994,0.4887433582,0.8400376484000001,0.11107251830000003,-0.79007267785,0.7978420524180044,-0.1396698370232454,-0.8206132660435238,-0.008311531221473482,1626,0.75,15.0,0.2617993877991494
135,4.5045,0.6178269467,0.05248899259,0.48873357619999996,0.8400261837,0.12909337050000008,-0.7875371911100001,0.7980475710685918,-0.1624753994874091,-0.7811210905687631,0.38343182547093285,1626,0.75,15.0,0.2617993877991494
136,4.537866667,0.6335473254999999,0.05522727915,0.48873331770000006,0.8400037506,0.14481400779999987,-0.78477647145,0.7980258185025163,-0.18247630246655844,-0.7293945885594237,0.7795870256983484,1626,0.75,15.0,0.2617993877991494
137,4.571233333,0.6471197232,0.05829862651000001,0.4887283822,0.8399921001999999,0.15839134100000002,-0.7816934736899999,0.7975791520051893,-0.19991918072179793,-0.6752093008275304,1.0369902134675562,1626,0.75,15.0,0.2617993877991494
138,4.6046,0.6589043699,0.06146649663,0.4887415531,0.8400002722,0.1701628168,-0.7785337755699999,0.796912933716469,-0.2151843066121861,-0.5893037018237312,1.6126494606532766,1626,0.75,15.0,0.2617993877991494
139,4.637966667,0.6681618321,0.06381821334,0.4887325776,0.8399984562999999,0.17942925450000002,-0.7761802429599999,0.7966496262045631,-0.2271789138831679,-0.5245299259882447,1.7747252972871292,1626,0.75,15.0,0.2617993877991494
140,4.671333333,0.6744570991,0.06539415,0.4887313148,0.8399786018000001,0.18572578429999997,-0.7745844518,0.7965394779445377,-0.23533197664468783,-0.43670276890881743,2.0644455257228604,1626,0.75,15.0,0.2617993877991494
141,4.7047,0.6783944001000001,0.06653771441,0.488726581,0.8399660173000001,0.18966781910000008,-0.7734283028900001,0.7963449135352445,-0.240484232846442,-0.3476998789233769,2.2878803545828874,1626,0.75,15.0,0.2617993877991494
142,4.738066667,0.6795064518,0.06657395368999999,0.4887196131,0.8399512217,0.19078683870000002,-0.7733772680100001,0.796562625595597,-0.2418638767602193,-0.25141675695939947,2.540215022783843,1626,0.75,15.0,0.2617993877991494
143,4.771433333,0.6781192664,0.06620038303999999,0.48872772229999994,0.8399436297,0.18939154410000003,-0.77374324666,0.7965850668500759,-0.24005322342915653,-0.14906443944366657,2.638796830226096,1626,0.75,15.0,0.2617993877991494
144,4.8048,0.673614927,0.06430384647000001,0.4887207641,0.839930808,0.18489416290000005,-0.77562696153,0.7973600409644014,-0.2340129020705761,-0.04096296574906931,2.898503229220789,1626,0.75,15.0,0.2617993877991494
145,4.838166667,0.6664790293,0.06213575825,0.4887090098,0.8399189274,0.17777001950000004,-0.77778316915,0.7978401080705632,-0.22470018306250916,0.06372703382198036,2.9995792071818026,1626,0.75,15.0,0.2617993877991494
146,4.871533333,0.6567954876,0.05950604897000001,0.48870577530000003,0.8399128316,0.16808971229999992,-0.78040678263,0.7983037628346774,-0.2121463216453704,0.16985761299059193,3.102242770757907,1626,0.75,15.0,0.2617993877991494
147,4.9049,0.6449709685,0.056794973660000005,0.48870352170000003,0.839909508,0.1562674468,-0.78311453434,0.7985536230109697,-0.1969590740902718,0.2691596536744212,3.120338094505109,1626,0.75,15.0,0.2617993877991494
148,4.938266667,0.630720916,0.05360865147,0.4886943434,0.8399321141,0.1420265726,-0.78632346263,0.7990470168938346,-0.17869443636877094,0.367784933750713,3.0979982099763066,1626,0.75,15.0,0.2617993877991494
149,4.971633333,0.6138967334000001,0.050476084840000005,0.4886878657,0.8399384276,0.12520886770000006,-0.78946234276,0.7993297512208738,-0.1572900833831273,0.45987704427795595,3.0020380821207886,1626,0.75,15.0,0.2617993877991494
150,5.005,0.5957147911,0.04745965768,0.48867934729999996,0.8399535951999999,0.10703544380000007,-0.7924939375199999,0.799689456748941,-0.13424915624919656,0.5421639914667677,2.8677539632279454,1626,0.75,15.0,0.2617993877991494
151,5.038366667,0.5757229965999999,0.04498083897,0.4886682982,0.8399621881999999,0.08705469839999991,-0.7949813492299999,0.7997336219873877,-0.10907074871960563,0.6178355957804507,2.6851826872001148,1626,0.75,15.0,0.2617993877991494
152,5.071733333,0.554384694,0.04256622652,0.488666049,0.8399838992,0.06571864500000002,-0.7974176726800001,0.8001211689506932,-0.08222849955620076,0.6876957651931485,2.508708011275245,1626,0.75,15.0,0.2617993877991494
153,5.1051,0.5319425475,0.04046599938,0.4886699297,0.8399978963,0.043272617800000024,-0.79953189692,0.8007020504805508,-0.054069687688852765,0.747001483126366,2.2730262472763707,1626,0.75,15.0,0.2617993877991494
154,5.138466667,0.5083415752,0.038959075739999995,0.488690532,0.8400056086,0.019651043199999996,-0.8010465328599999,0.8012875334771378,-0.02452679312046675,0.7957839496684533,2.0134279842244722,1626,0.75,15.0,0.2617993877991494
155,5.171833333,0.48524568049999994,0.03837249495,0.4886842453,0.8400218140000001,-0.0034385648000000435,-0.80164931905,0.8016566936421179,0.004289336534346192,0.8304005727365315,1.727691830342074,1626,0.75,15.0,0.2617993877991494
156,5.2052,0.4620302803,0.0384371469,0.48868099670000004,0.8400267253,-0.026650716400000052,-0.8015895784,0.8020324886712028,0.033235091693092224,0.8529820518944928,1.409469253336256,1626,0.75,15.0,0.2617993877991494
157,5.238566667,0.43906016700000006,0.03883566316,0.488663074,0.8400437348,-0.04960290699999992,-0.8012080716400001,0.8027420647031885,0.06183122753468542,0.8634948590513151,1.0537408117997873,1626,0.75,15.0,0.2617993877991494
158,5.271933333,0.417404479,0.04045374511,0.48867709060000003,0.8400346958,-0.07127261160000004,-0.79958095069,0.8027511954962189,0.08890249471533365,0.856976135429212,0.6591887382625867,1626,0.75,15.0,0.2617993877991494
159,5.3053,0.39633417130000004,0.042752589349999995,0.488669896,0.8400693767,-0.09233572469999995,-0.79731678735,0.8026455914324824,0.11529448411566078,0.8380895654703971,0.2535801121636967,1626,0.75,15.0,0.2617993877991494
160,5.338666667,0.3770783571,0.045124369389999995,0.4886736639,0.8400765762000001,-0.11159530680000002,-0.7949522068100001,0.8027468614774369,0.13946851357941037,0.810264789378357,-0.12069400493716938,1626,0.75,15.0,0.2617993877991494
161,5.372033332999999,0.35907395259999997,0.04762195725,0.4886800771,0.8400719823999999,-0.12960612450000003,-0.79245002515,0.8029786982654926,0.16211585516778795,0.7725120842142226,-0.4823374782501335,1626,0.75,15.0,0.2617993877991494
162,5.4054,0.34343893020000005,0.050204960970000004,0.4886712609,0.8400866251000001,-0.14523233069999997,-0.78988166413,0.8031223276745157,0.181835008115614,0.7193033729195975,-0.8642846235239096,1626,0.75,15.0,0.2617993877991494
163,5.438766667,0.3297382809,0.052473607930000006,0.4886613488,0.840067876,-0.1589230679,-0.78759426807,0.8034682772875772,0.1991093127214097,0.6605803211095421,-1.1771976764695689,1626,0.75,15.0,0.2617993877991494
164,5.4721333329999995,0.3183886823,0.054725796789999996,0.48867203060000003,0.8400352958,-0.17028334830000003,-0.78530949901,0.8035592249135072,0.2135303499644373,0.588826380488714,-1.4940850547171207,1626,0.75,15.0,0.2617993877991494
165,5.5055,0.3102340025,0.05694628745,0.4886598754,0.8400552403,-0.1784258729,-0.78310895285,0.8031783264966446,0.2240187729523105,0.5067947564130395,-1.819001178423463,1626,0.75,15.0,0.2617993877991494
166,5.538866667000001,0.30407420879999997,0.05798120342,0.4886771253,0.8400156027,-0.18460291650000005,-0.78203439928,0.8035272480989903,0.23181125325626734,0.41775462972359484,-2.1264182873921267,1626,0.75,15.0,0.2617993877991494
167,5.572233333,0.3012195602,0.05917992166,0.4886879814,0.8400017257,-0.1874684212,-0.78082180404,0.8030112692929663,0.23563118440694378,0.3224546095874926,-2.378713913653314,1626,0.75,15.0,0.2617993877991494
168,5.6056,0.3010465038,0.059386895300000006,0.4886976501,0.839975175,-0.18765114630000002,-0.7805882797,0.802826889878951,0.23592040458105654,0.22064590304837398,-2.636969512484819,1626,0.75,15.0,0.2617993877991494
169,5.638966667,0.3033907005,0.059369274050000004,0.48869886090000003,0.8399714813,-0.18530816040000003,-0.78060220725,0.8022960303244707,0.23307688711968821,0.11716205970018549,-2.827158737721852,1626,0.75,15.0,0.2617993877991494
170,5.672333332999999,0.3084757654,0.058490050860000004,0.48870374409999995,0.8399500626999999,-0.18022797869999996,-0.7814600118399999,0.801973736734103,0.22666647825238442,0.015870361756096168,-2.9426038229708404,1626,0.75,15.0,0.2617993877991494
171,5.7057,0.31611608010000003,0.05708031855,0.4887099711,0.8399305327,-0.17259389099999994,-0.78285021415,0.8016502410685228,0.21699722814277175,-0.0887953544385775,-3.036263610999306,1626,0.75,15.0,0.2617993877991494
172,5.739066667,0.326478776,0.05496165571,0.4887145892,0.8399141056,-0.16223581319999997,-0.78495244989,0.8015427672139387,0.20381255729438919,-0.19072103972838686,-3.0759778872482375,1626,0.75,15.0,0.2617993877991494
173,5.7724333329999995,0.33961206439999997,0.05281690108,0.4887239798,0.8399156304000001,-0.14911191540000002,-0.78709872932,0.8010984789721021,0.18722622532032443,-0.29187320819366935,-3.0720426862069843,1626,0.75,15.0,0.2617993877991494
174,5.8058,0.3549184509,0.05062370463,0.48872813119999997,0.839914275,-0.13380968029999996,-0.78929057037,0.800552705958195,0.16793486251969197,-0.39046168201334464,-3.0426997201340376,1626,0.75,15.0,0.2617993877991494
175,5.839166667000001,0.3722598594,0.04813934523,0.4887390744,0.8399283201000001,-0.11647921499999997,-0.7917889748700001,0.8003106823307445,0.14606128599193036,-0.483148000730498,-2.9911190259823015,1626,0.75,15.0,0.2617993877991494
176,5.872533333,0.3912277925,0.04565862609,0.4887488654,0.8399435356,-0.0975210729,-0.79428490951,0.800249259377899,0.12216703102950757,-0.5684127812665873,-2.874829788676051,1626,0.75,15.0,0.2617993877991494
177,5.9059,0.4112423699,0.04428662481000001,0.48875154649999997,0.8399467573,-0.07750917659999995,-0.79566013249,0.7994264937386141,0.09710852818748275,-0.6395845836619273,-2.690490745950374,1626,0.75,15.0,0.2617993877991494
178,5.939266667,0.4327765762,0.042951058949999996,0.48875086310000004,0.8399820073,-0.05597428690000006,-0.7970309483500001,0.7989940258986071,0.07011338250235138,-0.7019750748132705,-2.4581530221139527,1626,0.75,15.0,0.2617993877991494
179,5.972633332999999,0.4545383312,0.04245262829,0.4887518016,0.8400114920999999,-0.0342134704,-0.79755886381,0.7982923667421039,0.04287145234007662,-0.7496308452251018,-2.1528621601676723,1626,0.75,15.0,0.2617993877991494
180,6.006,0.476935832,0.04243243966,0.4887591768,0.8400275249,-0.011823344799999969,-0.79759508524,0.7976827135404544,0.0148226576355456,-0.7866451171546776,-1.8191635168365494,1626,0.75,15.0,0.2617993877991494
181,6.039366667,0.5000455428,0.04278905909,0.48875032840000004,0.8400410432,0.011295214399999975,-0.79725198411,0.7973319936109886,-0.014166736463034282,-0.8171854113720206,-1.491144621100047,1626,0.75,15.0,0.2617993877991494
182,6.0727333329999995,0.5230918976,0.04336640921,0.4887439633,0.8400323282,0.034347934299999994,-0.7966659189899999,0.7974060239745234,-0.04308791730392881,-0.8403383514038526,-1.2033193112067613,1626,0.75,15.0,0.2617993877991494
183,6.1061,0.5449930007,0.045214604139999996,0.4887399827,0.8400378811,0.05625301799999999,-0.79482327696,0.7968114228796805,-0.07065643046143653,-0.8437750942507214,-0.8499501579672327,1626,0.75,15.0,0.2617993877991494
184,6.139466667000001,0.5661291371,0.04772252898,0.4887393868,0.8400247405,0.0773897503,-0.79230221152,0.7960728407821606,-0.09736818641983831,-0.8405972269265638,-0.5452530317244998,1626,0.75,15.0,0.2617993877991494
185,6.172833333,0.5875301138,0.04999638166999999,0.4887492851,0.8400304325,0.09878082869999999,-0.79003405083,0.7961855647959951,-0.12438811138847135,-0.8344302006320935,-0.28642408251047347,1626,0.75,15.0,0.2617993877991494
186,6.2062,0.605148296,0.05234815922,0.4887308272,0.8400452017,0.11641746879999998,-0.7876970424799999,0.7962535135078135,-0.14673250610176475,-0.7946000098765021,0.1353770305887519,1626,0.75,15.0,0.2617993877991494
187,6.239566667,0.6219177089,0.05488272864,0.4887300776,0.8400258604999999,0.1331876313,-0.78514313186,0.7963596440291497,-0.16803523462011924,-0.7489349614463428,0.5478724618045285,1626,0.75,15.0,0.2617993877991494
188,6.272933332999999,0.6368892993999999,0.0574341942,0.4887205273,0.8400143415000001,0.14816877209999996,-0.7825801473000001,0.796483315565186,-0.18711875532655514,-0.6980758872649812,0.8733219374434595,1626,0.75,15.0,0.2617993877991494
189,6.3063,0.6494419365,0.06001146694,0.48873105009999995,0.8400129973999999,0.16071088640000009,-0.7800015304599999,0.7963858214002908,-0.2031956755677935,-0.6343305979464584,1.2363633981188427,1626,0.75,15.0,0.2617993877991494
190,6.339666667,0.6597248968,0.06229952876,0.48873321270000003,0.8399821437,0.17099168409999999,-0.77768261494,0.79625900661234,-0.21642950147868123,-0.551696638385904,1.6947066498801846,1626,0.75,15.0,0.2617993877991494
191,6.3730333329999995,0.6677459832,0.0640567651,0.4887301823,0.8399810549,0.17901580090000002,-0.7759242897999999,0.796307202324268,-0.2267454355609089,-0.4795979883584774,1.8881240428278498,1626,0.75,15.0,0.2617993877991494
192,6.4064,0.6731039926000001,0.06517482928,0.4887248911,0.8399669359999999,0.1843791015000001,-0.77479210672,0.7964285666056706,-0.23362688605247717,-0.39315674791466304,2.132536723141562,1626,0.75,15.0,0.2617993877991494
193,6.439766667000001,0.6756544126,0.06548975826,0.4887173361,0.8399542555,0.18693707650000002,-0.77446449724,0.7967061742296045,-0.23684555234359292,-0.29806271640518434,2.3976813198620333,1626,0.75,15.0,0.2617993877991494
194,6.473133333,0.6756628717000001,0.06586128829,0.4887203627,0.8399479174,0.18694250900000003,-0.7740866291099999,0.7963401352676491,-0.23696352058056927,-0.20240466945529692,2.588966656070298,1626,0.75,15.0,0.2617993877991494
195,6.5065,0.6731216899,0.06438025367000001,0.48872884549999995,0.8399471002,0.18439284440000003,-0.77556684653,0.7971854580349614,-0.23341866794601482,-0.10183316462104752,2.696484331292993,1626,0.75,15.0,0.2617993877991494
196,6.539866667,0.6679973375,0.0629528723,0.4887226764,0.8399311117,0.1792746611,-0.7769782394,0.7973923680432635,-0.22676462118982726,-0.00011499877358571054,2.874023884884217,1626,0.75,15.0,0.2617993877991494
197,6.573233332999999,0.6597096404999999,0.06024072541,0.4887124168,0.8399290654000001,0.17099722369999992,-0.7796883399900001,0.7982192418311337,-0.2158966821084276,0.10627495083896102,2.993596655738016,1626,0.75,15.0,0.2617993877991494
198,6.6066,0.6493309917,0.05735124392000001,0.48871158789999997,0.8399154915000001,0.1606194038,-0.7825642475800001,0.7988775841563707,-0.20243616294909367,0.20625008422026903,3.022853919604485,1626,0.75,15.0,0.2617993877991494
199,6.639966667,0.6368853827000001,0.05474206097999999,0.48870647829999997,0.8399168465000001,0.1481789044000001,-0.7851747855200001,0.7990346873106089,-0.18652713918066338,0.3023159694068685,3.025298504415581,1626,0.75,15.0,0.2617993877991494
200,6.6733333329999995,0.6219079857,0.05186002312,0.4886963479,0.8399310869,0.13321163780000006,-0.7880710637799999,0.7992504876524624,-0.1674521691936654,0.39540359682535403,2.98044018809919,1626,0.75,15.0,0.2617993877991494
201,6.7067,0.604829895,0.04897962927,0.4886889561,0.8399541797,0.11614093889999993,-0.79097455043,0.7994557255511491,-0.14579092608884886,0.4853568089433581,2.9099208963061374,1626,0.75,15.0,0.2617993877991494
202,6.740066667000001,0.5855323479,0.04568512717,0.48868397210000003,0.8399650083,0.09684837579999994,-0.79427988113,0.8001625693963602,-0.12133336204959777,0.5668131015832484,2.7604684084525046,1626,0.75,15.0,0.2617993877991494
203,6.773433333,0.5653715528000001,0.04345584521,0.48868832310000004,0.8399646999,0.07668322970000002,-0.79650885469,0.8001916478674334,-0.09597836833481575,0.6381086717760819,2.588563014092112,1626,0.75,15.0,0.2617993877991494
204,6.8068,0.5439555322,0.04078097773,0.4886788936,0.8399893885999999,0.05527663860000004,-0.7992084108699999,0.8011177134355885,-0.06905426400325597,0.7041331109121994,2.408494330616418,1626,0.75,15.0,0.2617993877991494
205,6.840166667,0.5218319059000001,0.03949877713,0.48867506229999996,0.840000315,0.0331568436000001,-0.80050153787,0.8011879232800192,-0.04139642458150508,0.7555788812359351,2.158892792082469,1626,0.75,15.0,0.2617993877991494
206,6.873533332999999,0.49838595259999996,0.03853248151,0.4886603355,0.8400191917000001,0.009725617099999972,-0.8014867101900001,0.8015457156264794,-0.0121338752942356,0.8011411796109134,1.8928134484132364,1626,0.75,15.0,0.2617993877991494
207,6.9069,0.47556702619999996,0.03840109656000001,0.48864751939999995,0.8400262990999999,-0.013080493199999987,-0.8016252025399999,0.8017319156985402,0.01631601951600645,0.8250712099329559,1.5480006339842087,1626,0.75,15.0,0.2617993877991494
208,6.940266667,0.45300835340000006,0.038532141119999995,0.4886524796,0.8400443415000001,-0.03564412619999996,-0.80151220038,0.8023043755898075,0.04444181446849044,0.8416794089940466,1.2202042068988441,1626,0.75,15.0,0.2617993877991494
209,6.9736333329999995,0.4316145211,0.039698819680000004,0.48866365990000005,0.8400578506,-0.057049138800000065,-0.80035903092,0.8023896700562784,0.07115908292644921,0.8404396587283179,0.8170222809562224,1626,0.75,15.0,0.2617993877991494
210,7.007,0.40995381270000003,0.041179392999999995,0.488667515,0.8400607094,-0.07871370229999997,-0.7988813164,0.8027497770929433,0.09821290461471159,0.8368191476614448,0.48695463904446706,1626,0.75,15.0,0.2617993877991494
211,7.040366667000001,0.3897247238,0.04309113321000001,0.4886689188,0.8400658693999999,-0.09894419500000001,-0.7969747361899999,0.8030931974866417,0.12351771410339937,0.8130964318229987,0.07165985270320968,1626,0.75,15.0,0.2617993877991494
212,7.073733333,0.371296058,0.045466965660000004,0.4886754968,0.8400573641,-0.11737943880000001,-0.79459039844,0.8032134423340044,0.1466625110712729,0.7812976672902825,-0.26237888222140204,1626,0.75,15.0,0.2617993877991494
213,7.1071,0.35487541840000003,0.04799479694,0.4886671457,0.8400446798000001,-0.1337917273,-0.7920498828600001,0.8032703425575087,0.16733866196051636,0.7366444331525568,-0.6295802684846477,1626,0.75,15.0,0.2617993877991494
214,7.140466667,0.3405660308,0.05042541557,0.4886621809,0.8400490093999999,-0.14809615010000005,-0.7896235938299999,0.8033914921179128,0.1853989980560334,0.6847547292007555,-0.9331763914421635,1626,0.75,15.0,0.2617993877991494
215,7.173833332999999,0.3281933447,0.052511039860000004,0.4886640507,0.8400357748999999,-0.16047070600000002,-0.7875247350399999,0.8037076929978713,0.201014005122748,0.6161904249470965,-1.322449912822298,1626,0.75,15.0,0.2617993877991494
216,7.2072,0.3180615278,0.054692624749999995,0.488673732,0.8400500147,-0.1706122042,-0.7853573899499999,0.8036757767726105,0.21391761880743582,0.5418575652403872,-1.625807375861683,1626,0.75,15.0,0.2617993877991494
217,7.240566667,0.31089006399999997,0.05657984792,0.48867594659999997,0.8400273837000001,-0.1777858826,-0.78344753578,0.8033665796954809,0.2231484171261689,0.45845697477003544,-1.9351090267436397,1626,0.75,15.0,0.2617993877991494
218,7.273933333,0.3060337439,0.05746414943,0.48867069560000004,0.8400144344,-0.18263695170000005,-0.78255028497,0.8035802415645225,0.22928269303758042,0.37129290098726553,-2.189919317472715,1626,0.75,15.0,0.2617993877991494
219,7.3073,0.3038657182,0.058081140149999995,0.48867971109999997,0.8399836097,-0.18481399289999995,-0.78190246955,0.8034473746674575,0.23210466405287175,0.27995403914234723,-2.4263777383483136,1626,0.75,15.0,0.2617993877991494
220,7.340666667000001,0.3042406443,0.05782074958,0.4886897904,0.839959404,-0.18444914610000002,-0.78213865442,0.8035934060424758,0.23159521243358663,0.18330393809389392,-2.594724171000893,1626,0.75,15.0,0.2617993877991494
221,7.374033333,0.3082519659,0.05726620717,0.4887013769,0.8399452729000001,-0.180449411,-0.7826790657300001,0.8032113730906908,0.22659403113585563,0.07598249299717451,-2.7924580312772287,1626,0.75,15.0,0.2617993877991494
222,7.4074,0.3140666596,0.05665934282000001,0.48870447270000006,0.8399374999,-0.17463781310000004,-0.78327815708,0.8025104591985027,0.21936960240980016,-0.02265023783387506,-2.8837594872985575,1626,0.75,15.0,0.2617993877991494
223,7.440766667,0.3227695938,0.05478215778,0.4887164989,0.8399333815000001,-0.16594690510000004,-0.7851512237200001,0.8024966164547251,0.20829115449283853,-0.12582340660361221,-2.9797180976504225,1626,0.75,15.0,0.2617993877991494
224,7.474133332999999,0.33424095600000003,0.05264469348999999,0.4887245357,0.8399259616,-0.15448357969999998,-0.78728126811,0.8022948158338155,0.19376229068408196,-0.2298244203888431,-3.0556152030964254,1626,0.75,15.0,0.2617993877991494
225,7.5075,0.34813220429999997,0.0505720808,0.48873878119999997,0.8399294582,-0.1406065769,-0.7893573774,0.8017825632447626,0.17627900664061513,-0.3315656657763849,-3.0861314608993635,1626,0.75,15.0,0.2617993877991494
226,7.540866667,0.3638292917,0.04824177484,0.48873295170000003,0.8399283275,-0.12490366000000003,-0.79168655266,0.801478959139958,0.15647927544157353,-0.4202682617013061,-2.9745299684770936,1626,0.75,15.0,0.2617993877991494
227,7.574233333,0.3814736581,0.045893575539999995,0.4887330148,0.8399217512999999,-0.10725935669999997,-0.79402817576,0.8012398601545302,0.13426980687426096,-0.5100886947203007,-2.9217090906621457,1626,0.75,15.0,0.2617993877991494
228,7.6076,0.4007567701,0.043759416270000004,0.4887460746,0.8399325366,-0.08798930450000003,-0.79617312033,0.8010204462074626,0.11006862926032435,-0.5887463991085092,-2.77476316411762,1626,0.75,15.0,0.2617993877991494
229,7.640966667000001,0.4212712079,0.04259064978999999,0.4887510928,0.8399606248,-0.06747988490000001,-0.7973699750100001,0.8002202271334844,0.08442690440311297,-0.6553569541780454,-2.550644532695993,1626,0.75,15.0,0.2617993877991494
230,7.674333333,0.4430919439,0.040976505510000004,0.4887641117,0.8400129073,-0.045672167799999996,-0.79903640179,0.8003406264191901,0.05709693022799094,-0.7143780946686553,-2.294580039206073,1626,0.75,15.0,0.2617993877991494
231,7.7077,0.4646709283,0.04054343665,0.488763134,0.8400258062,-0.02409220569999998,-0.79948236955,0.799845293539178,0.03012563860020169,-0.757364449025557,-2.0205565471927374,1626,0.75,15.0,0.2617993877991494
232,7.741066667,0.48670489240000003,0.04050520676,0.4887497057,0.8400330831,-0.002044813299999948,-0.79952787634,0.7995304911672738,0.0025575203844610426,-0.789484226817136,-1.674698477356662,1626,0.75,15.0,0.2617993877991494
233,7.774433332999999,0.509640042,0.04070234191,0.4887548478,0.8400525410999999,0.020885194200000012,-0.7993501991899999,0.7996229938426386,-0.026121772020201828,-0.8163260979117869,-1.3641141059959847,1626,0.75,15.0,0.2617993877991494
234,7.8078,0.5315578218,0.0424829714,0.4887454538,0.8400512093000001,0.04281236799999999,-0.7975682379000001,0.7987164659381192,-0.05362715957063587,-0.8274968786888094,-1.0318077290174557,1626,0.75,15.0,0.2617993877991494
235,7.841166667,0.5522972234,0.04441062204,0.48875058899999996,0.8400744354999999,0.06354663440000002,-0.7956638134599999,0.7981973933766489,-0.07969702161270042,-0.8199437590856209,-0.6327612189552216,1626,0.75,15.0,0.2617993877991494
236,7.874533333,0.5743840020000001,0.04772564125,0.488757582,0.8400702806,0.08562642000000004,-0.79234463935,0.7969579106255851,-0.10764937698681037,-0.8258242857528252,-0.4103486798907004,1626,0.75,15.0,0.2617993877991494
237,7.9079,0.5927393985,0.049516628269999995,0.48874250909999994,0.8400479721999999,0.10399688940000007,-0.7905313439299999,0.7973425604723778,-0.13080203880968466,-0.7993579891821082,-0.059183390207789115,1626,0.75,15.0,0.2617993877991494
238,7.941266667000001,0.6104260015,0.051957623700000004,0.48874805299999996,0.8400394337,0.12167794850000008,-0.78808181,0.7974198783602304,-0.15318799010620168,-0.761635665234384,0.3278147780082535,1626,0.75,15.0,0.2617993877991494
239,7.974633333,0.6262065404,0.05462427833,0.4887357565,0.8400188787999999,0.1374707839,-0.7853946004699999,0.7973348699721536,-0.17327868733334126,-0.7171919889311581,0.6611681835857045,1626,0.75,15.0,0.2617993877991494
240,8.008,0.6398804779999999,0.05716631427999999,0.4887198329,0.839994982,0.15116064509999994,-0.78282866772,0.7972893224114559,-0.1907478296379337,-0.6656392022927291,0.9249024290792703,1626,0.75,15.0,0.2617993877991494
241,8.041366667,0.6514411365999999,0.05955021654,0.48872103200000006,0.8399989613,0.16272010459999986,-0.7804487447599999,0.7972315069278775,-0.20555087061555632,-0.5868221337704651,1.4325803172510645,1626,0.75,15.0,0.2617993877991494
242,8.074733333,0.6609484275999999,0.061710389360000006,0.48872915570000003,0.8399960706,0.17221927189999992,-0.7782856812400001,0.7971123379028687,-0.21777114958585736,-0.5212933817012148,1.6667209572625616,1626,0.75,15.0,0.2617993877991494
243,8.1081,0.6678148585,0.06299753328,0.488734586,0.8399867548000001,0.17908027249999997,-0.77698922152,0.7973593884547482,-0.2265239754925545,-0.43957633159074855,1.9304255570004996,1626,0.75,15.0,0.2617993877991494
244,8.141466667000001,0.6722251933,0.06370858217,0.4887295865,0.8399848372,0.1834956068,-0.77627625503,0.7976687669943595,-0.23211863508459474,-0.3526869959846545,2.184845090739766,1626,0.75,15.0,0.2617993877991494
245,8.174833332999999,0.6735954922,0.06399550002,0.48873203090000006,0.8399646,0.18486346129999998,-0.77596909998,0.7976857422867653,-0.23387600499376912,-0.25851054675848417,2.4403316503619346,1626,0.75,15.0,0.2617993877991494
246,8.2082,0.6728792245,0.06373118022,0.4887260119,0.8399551478,0.18415321260000006,-0.77622396758,0.7977694238039822,-0.2329359111771295,-0.16414609563233978,2.533522680812637,1626,0.75,15.0,0.2617993877991494
247,8.241566667,0.6687391759,0.06214183299,0.4887227067,0.8399304970999999,0.18001646919999997,-0.7777886641099999,0.7983490058873078,-0.22744178412874572,-0.057965840836832136,2.7771880293849476,1626,0.75,15.0,0.2617993877991494
248,8.274933333,0.6621694549,0.0602328217,0.4887158474,0.8399199678,0.1734536075,-0.7796871461,0.7987478949883542,-0.21890090595515876,0.04569272541281834,2.9087056945010894,1626,0.75,15.0,0.2617993877991494
249,8.3083,0.6533661336,0.057698405210000005,0.4887073496,0.8399181126999999,0.16465878399999995,-0.7822197074899999,0.7993623620950011,-0.2074729071645094,0.14772663940384623,2.9994823000362154,1626,0.75,15.0,0.2617993877991494
250,8.341666667,0.6423036261,0.055010696789999994,0.48870653340000003,0.8399138878,0.1535970927,-0.78490319101,0.7997906514479729,-0.19324716321031227,0.24352951874669282,3.009231131806854,1626,0.75,15.0,0.2617993877991494
251,8.375033333,0.6285471995,0.052150114010000005,0.4886971294,0.8399206932,0.13985007010000006,-0.7877705791899999,0.8000878248944443,-0.1756959325326632,0.3430967819467964,3.0404169093738598,1626,0.75,15.0,0.2617993877991494
252,8.4084,0.6132838295,0.04975855053,0.4886910451,0.8399231456999999,0.12459278440000005,-0.7901645951699999,0.7999271525487273,-0.1563919009196668,0.4258734215741532,2.900135410054417,1626,0.75,15.0,0.2617993877991494
253,8.441766667000001,0.5951944190999999,0.046420046150000005,0.48869222100000004,0.8399326424,0.10650219809999989,-0.79351259625,0.8006278527552906,-0.1334188187218553,0.512380138137867,2.7973271212556816,1626,0.75,15.0,0.2617993877991494
254,8.475133332999999,0.576230227,0.043492506900000005,0.4886826728,0.8399439801999999,0.08754755420000004,-0.7964514732999999,0.8012487276546169,-0.1094824776825822,0.5873552334053097,2.635136480231488,1626,0.75,15.0,0.2617993877991494
255,8.5085,0.5553307094,0.040980133030000004,0.4886800587,0.8399765574,0.06665065069999998,-0.79899642437,0.8017715356601146,-0.08322527300638992,0.6594718627660303,2.4931608783060364,1626,0.75,15.0,0.2617993877991494
256,8.541866667,0.5335817356,0.03887652892,0.4886815084,0.8400030132999999,0.044900227199999976,-0.8011264843799999,0.8023837450856478,-0.055987790975273226,0.7175313108581476,2.244362788236177,1626,0.75,15.0,0.2617993877991494
257,8.575233333,0.5119334778,0.03797286753,0.48867288119999996,0.8400077093,0.023260596600000016,-0.8020348417700001,0.8023720725244723,-0.02899385047657505,0.7636246932378269,2.0244831872844746,1626,0.75,15.0,0.2617993877991494
258,8.6086,0.4898331749,0.037768980980000005,0.48866173729999995,0.8400264573999999,0.001171437600000047,-0.8022574764199999,0.8022583316724341,-0.001460175569421551,0.7909608901148978,1.6698146804835945,1626,0.75,15.0,0.2617993877991494
259,8.641966667,0.4671459004,0.03794330213,0.4886746782,0.8400364412000001,-0.02152877780000001,-0.8020931390700001,0.8023820112743857,0.02683430268152151,0.8170835904233391,1.376993135203002,1626,0.75,15.0,0.2617993877991494
260,8.675333333,0.44552248380000004,0.03827580787,0.4886665636,0.8400372764,-0.04314407979999996,-0.8017614685300001,0.8029214557110621,0.053759764887466865,0.8210891546303153,0.9687350355249122,1626,0.75,15.0,0.2617993877991494
261,8.7087,0.4243481758,0.03982363741,0.4886662837,0.8400387221,-0.06431810789999998,-0.80021508469,0.8027957403781238,0.08020360857845533,0.8163320571019249,0.5922122592812441,1626,0.75,15.0,0.2617993877991494
262,8.742066667000001,0.4033404828,0.04162895433,0.4886670906,0.8400709372,-0.08532660780000001,-0.79844198287,0.80298831249778,0.10646232960449936,0.8119251472199513,0.28951320778981804,1626,0.75,15.0,0.2617993877991494
263,8.775433332999999,0.3842866378,0.043219023380000006,0.48865406,0.8400469509,-0.1043674222,-0.79682792752,0.8036338126861583,0.13023723939692186,0.7893951104755501,-0.009385292731059586,1626,0.75,15.0,0.2617993877991494
264,8.8088,0.367090126,0.04560952759,0.48865763619999997,0.8400476974,-0.12156751019999995,-0.7944381698099999,0.8036856756140982,0.15184535139424968,0.7493169678153622,-0.40619353804786407,1626,0.75,15.0,0.2617993877991494
265,8.842166667,0.3513706159,0.04795560131,0.4886612436,0.8400457315000001,-0.1372906277,-0.7920901301900001,0.8039001746477428,0.17162194637475456,0.7064666152437956,-0.687048181267346,1626,0.75,15.0,0.2617993877991494
266,8.875533333,0.33780941770000006,0.05020915245,0.488679473,0.8400355931,-0.15087005529999992,-0.78982644065,0.804106696860605,0.18874305758490764,0.6505861209295242,-0.9934821547493214,1626,0.75,15.0,0.2617993877991494
267,8.9089,0.3266074667,0.052390296610000005,0.48868102189999996,0.8400410499,-0.16207355519999994,-0.7876507532899999,0.8041526885197062,0.20293579810411225,0.5782625426723937,-1.4005750382413837,1626,0.75,15.0,0.2617993877991494
268,8.942266667,0.3180705144,0.05442900678,0.48867569899999996,0.8400369192,-0.17060518459999996,-0.78560791242,0.8039191010725585,0.2138429309735696,0.501133011437105,-1.7278447322199488,1626,0.75,15.0,0.2617993877991494
269,8.975633333,0.31173518510000003,0.05549562921,0.4886834828,0.8400115072,-0.17694829769999998,-0.78451587799,0.8042237641834195,0.2218387778791046,0.41954102627368806,-1.976679009773899,1626,0.75,15.0,0.2617993877991494
270,9.009,0.3083779823,0.0568076514,0.48867166079999996,0.8399916478,-0.18029367849999994,-0.7831839964,0.8036684532343773,0.22626405770118874,0.3275251395438009,-2.2713774540320903,1626,0.75,15.0,0.2617993877991494
271,9.042366667000001,0.3078803524,0.057120623829999995,0.4886846371,0.8399714788,-0.18080428469999998,-0.78285085497,0.8034585555541359,0.22697638812493406,0.22917081013830615,-2.5259658736139565,1626,0.75,15.0,0.2617993877991494
272,9.075733332999999,0.3092372806,0.057057536510000006,0.4886928544,0.8399667896999999,-0.1794555738,-0.7829092531899999,0.8032130487600476,0.22532394950177423,0.13419471635352426,-2.6617452658824474,1626,0.75,15.0,0.2617993877991494
273,9.1091,0.3136745364,0.056522175810000005,0.4887055281,0.8399443417,-0.17503099170000003,-0.78342216589,0.8027366554875043,0.21980862263928755,0.03575839124547821,-2.789458235020071,1626,0.75,15.0,0.2617993877991494
274,9.142466667,0.3205411153,0.054970315539999995,0.4887072401,0.8399355148000001,-0.16816612479999998,-0.7849651992600001,0.8027765626745345,0.21104375517976393,-0.06470543011886795,-2.902576133196288,1626,0.75,15.0,0.2617993877991494
275,9.175833333,0.3301305458,0.053076987560000004,0.48871220579999997,0.8399224587,-0.15858165999999996,-0.78684547114,0.8026667666858297,0.19887689562735644,-0.16415881690926398,-2.9471566410205745,1626,0.75,15.0,0.2617993877991494
276,9.2092,0.34234340189999996,0.05158260567,0.4887158537,0.8399187889,-0.14637245180000003,-0.7883361832300001,0.8018097233356476,0.18358205813683182,-0.2601058714561036,-2.932727332906344,1626,0.75,15.0,0.2617993877991494
277,9.242566667,0.3564570829,0.049781988480000004,0.4887285104,0.8399190231999999,-0.13227142749999998,-0.7901370347199999,0.8011318644074782,0.16586516881484634,-0.3563962842733193,-2.9406053689859304,1626,0.75,15.0,0.2617993877991494
278,9.275933333,0.372759095,0.047575574749999995,0.48873510659999997,0.8399232870000001,-0.11597601159999998,-0.7923477122500001,0.8007904422347037,0.1453380438751817,-0.44637710440777967,-2.8899231086094708,1626,0.75,15.0,0.2617993877991494
279,9.3093,0.3909779799,0.04531329513,0.48874855759999997,0.8399377444,-0.09777057769999997,-0.79462444927,0.8006167005761512,0.12242466711700438,-0.5311833397249818,-2.7960713583175645,1626,0.75,15.0,0.2617993877991494
280,9.342666667,0.4103939418,0.04332168357,0.48875835729999995,0.8399715731999999,-0.07836441549999995,-0.7966498896299999,0.8004948646082295,0.09805200310937327,-0.6043450040604014,-2.638478617904192,1626,0.75,15.0,0.2617993877991494
281,9.376033332999999,0.43109787590000004,0.042503155290000004,0.4887662935,0.8400097651,-0.057668417599999966,-0.79750660981,0.7995889188071128,0.07218525538417887,-0.6677131167534425,-2.4432003203277715,1626,0.75,15.0,0.2617993877991494
282,9.4094,0.45254404270000004,0.0412569519,0.48878286,0.8400254452,-0.03623881729999995,-0.7987684933,0.7995901186033098,0.045337272256626614,-0.7224449271976485,-2.194097737867062,1626,0.75,15.0,0.2617993877991494
283,9.442766667,0.47420113210000003,0.04070759508,0.488778779,0.840065483,-0.014577646899999963,-0.79935788792,0.7994908009283561,0.018234674829514613,-0.7618583483070878,-1.8909964480377863,1626,0.75,15.0,0.2617993877991494
284,9.476133333,0.4959617042,0.04073185413,0.4887640985,0.8400686365000001,0.007197605699999998,-0.79933678237,0.7993691870327737,-0.009004228680173514,-0.7877856049338646,-1.5380755464683762,1626,0.75,15.0,0.2617993877991494
285,9.5095,0.5183940068999999,0.04193684834,0.4887680406,0.8400682765999999,0.029625966299999917,-0.7981314282599999,0.7986810844483273,-0.0371021237298666,-0.8101146382960145,-1.2333844086711891,1626,0.75,15.0,0.2617993877991494
286,9.542866667,0.5401354228,0.04306387938,0.48875450229999995,0.8400515643,0.051380920500000093,-0.79698768492,0.7986422033085708,-0.06437980744266325,-0.8185717969783307,-0.904247824482339,1626,0.75,15.0,0.2617993877991494
287,9.576233333,0.5597632812,0.04537088037,0.48876483,0.8400542899,0.07099845119999998,-0.7946834095299999,0.7978486707734896,-0.08910523069168905,-0.805849184622275,-0.4999256289173641,1626,0.75,15.0,0.2617993877991494
288,9.6096,0.5815975552,0.048090745250000004,0.4887551599,0.8400402187999999,0.09284239529999999,-0.7919494735499999,0.7973729861370797,-0.11670004811528516,-0.8087995300507272,-0.28136572192624254,1626,0.75,15.0,0.2617993877991494
289,9.642966667,0.598482689,0.04990715245,0.48873358229999997,0.8400406751,0.10974910670000004,-0.79013352265,0.797719154863882,-0.13801637864770408,-0.7732995924797247,0.08682924461193957,1626,0.75,15.0,0.2617993877991494
290,9.676333332999999,0.6155787019,0.05225946301,0.4887333735,0.8400277398,0.12684532839999996,-0.78776827679,0.7979151554229247,-0.15964825818329637,-0.7345422791323097,0.45298118285900696,1626,0.75,15.0,0.2617993877991494
291,9.7097,0.6301997509,0.05473469087999999,0.4887304964,0.8400109055,0.14146925450000003,-0.7852762146200001,0.7979174664191166,-0.1782403785538793,-0.6824809389035619,0.815729410880416,1626,0.75,15.0,0.2617993877991494
292,9.743066667,0.6426626568,0.05709961577000001,0.488737098,0.8400082259999999,0.15392555880000003,-0.7829086102299999,0.7978965908087101,-0.19413124338813373,-0.6295265433400428,1.0568789581664073,1626,0.75,15.0,0.2617993877991494
293,9.776433333,0.6528791015,0.05937440547,0.48873376799999996,0.8399951109999999,0.1641453335,-0.7806207055299998,0.7976919056954138,-0.207255950382287,-0.5427926318260508,1.5944469742627783,1626,0.75,15.0,0.2617993877991494
294,9.8098,0.6609650751,0.06136210251,0.4887359559,0.8400122149,0.1722291192,-0.77865011239,0.7974702922525501,-0.2176844729150938,-0.47753102979923895,1.7728385198347374,1626,0.75,15.0,0.2617993877991494
295,9.843166667,0.6663655061,0.062122391660000005,0.4887324373,0.8399810882,0.17763306880000002,-0.77785869654,0.7978832363912738,-0.22451176394179287,-0.38879223842461946,2.072427795726077,1626,0.75,15.0,0.2617993877991494
296,9.876533333,0.669116766,0.062342209270000004,0.4887281826,0.8399645801000001,0.18038858340000002,-0.7776223708300001,0.7982710020014061,-0.22794290184384525,-0.29791722846967744,2.3050772314734385,1626,0.75,15.0,0.2617993877991494
297,9.9099,0.6691518499,0.062144781239999995,0.4887242401,0.8399521073,0.1804276098,-0.77780732606,0.7984599920163491,-0.22793817001204988,-0.2026389187983026,2.558766954707988,1626,0.75,15.0,0.2617993877991494
298,9.943266667,0.6670925816,0.06167818042999999,0.4887189794,0.8399301137999999,0.17837360219999998,-0.77825193337,0.7984317214113845,-0.2253063237623303,-0.10819404515316805,2.604986507480013,1626,0.75,15.0,0.2617993877991494
299,9.976633332999999,0.6618111754,0.059899346500000006,0.4887164369,0.839921238,0.1730947385,-0.7800218914999999,0.798996833357693,-0.21837149522629684,-0.0041180159336443815,2.8376404994470046,1626,0.75,15.0,0.2617993877991494
300,10.01,0.6543208705,0.05755868251,0.4887045835,0.8399102341,0.16561628699999997,-0.78235155159,0.7996891300967812,-0.2086106128785312,0.09531159383261927,2.9017212432828505,1626,0.75,15.0,0.2617993877991494
301,10.04336667,0.6447008203,0.05521807506,0.4887039889,0.8399124303,0.15599683139999998,-0.78469435524,0.800050150023334,-0.19624094962978228,0.19002167260960454,2.924708405599299,1626,0.75,15.0,0.2617993877991494
302,10.07673333,0.6327645303,0.052460418560000006,0.48869711039999997,0.8399114636,0.14406741990000005,-0.78745104504,0.8005214361972021,-0.18095287621115955,0.28163018894243436,2.902712514472416,1626,0.75,15.0,0.2617993877991494
303,10.1101,0.6184598410000001,0.04998795383,0.4886922013,0.8399245395,0.12976763970000005,-0.78993658567,0.8005244841310516,-0.1628217465993555,0.3745328926319341,2.8934678694943785,1626,0.75,15.0,0.2617993877991494
304,10.14346667,0.6022337271,0.04727036541,0.48868875450000004,0.8399320459999999,0.11354497259999996,-0.79266168059,0.8007527712587063,-0.14227731958110304,0.4561088993608954,2.7586026132935815,1626,0.75,15.0,0.2617993877991494
305,10.17683333,0.5849774511,0.044661248880000004,0.4886884396,0.8399468792,0.09628901149999997,-0.79528563032,0.8010935073567422,-0.12048828749230536,0.5282058521064409,2.594771297299996,1626,0.75,15.0,0.2617993877991494
306,10.2102,0.5654930324,0.04273938206999999,0.48868198259999995,0.8399582704,0.07681104980000009,-0.7972188883300001,0.8009106649817439,-0.09605226987512494,0.6005314869877855,2.4605980421670233,1626,0.75,15.0,0.2617993877991494
307,10.24356667,0.5449087570000001,0.04044135369,0.4886814917,0.8399799529,0.05622726530000005,-0.79953859921,0.8015132419304161,-0.07020905276290713,0.6637990752343835,2.290722366313183,1626,0.75,15.0,0.2617993877991494
308,10.27693333,0.5232076839,0.03862885292,0.48867175020000003,0.8399953588,0.03453593370000002,-0.80136650588,0.8021103461886344,-0.04306965183225771,0.7177949172443172,2.0575150441331496,1626,0.75,15.0,0.2617993877991494
309,10.3103,0.5017812057,0.0381154151,0.48867875130000005,0.8400196514,0.013102454399999908,-0.8019042363,0.802011270810573,-0.01633772215192785,0.7548826264603405,1.7908513321793882,1626,0.75,15.0,0.2617993877991494
310,10.34366667,0.47971161149999997,0.037910215489999996,0.4886701833,0.8400240269,-0.008958571800000037,-0.80211381141,0.8021638376686977,0.011168239722565991,0.7891499344398077,1.564100237352851,1626,0.75,15.0,0.2617993877991494
311,10.37703333,0.4576462466,0.03817277374,0.4886597461,0.840027691,-0.03101349950000004,-0.80185491726,0.8024544507230787,0.03865792685242211,0.8074538879680819,1.2402943595810558,1626,0.75,15.0,0.2617993877991494
312,10.4104,0.43616419840000004,0.03867421584,0.4886614622,0.8400408663,-0.05249726379999997,-0.80136665046,0.8030843487305469,0.06541619734328065,0.8129384808624296,0.8939424019720802,1626,0.75,15.0,0.2617993877991494
313,10.44376667,0.41538877630000004,0.04044438782,0.48866708700000006,0.8400531876,-0.07327831070000002,-0.79960879978,0.802959490575121,0.09138743651762829,0.8059365129926422,0.5283212004573551,1626,0.75,15.0,0.2617993877991494
314,10.47713333,0.3962048914,0.04271663375,0.48866021719999997,0.8400833865,-0.09245532579999999,-0.79736675275,0.8027089918892548,0.11543533102667088,0.7898486284129377,0.2095864671657213,1626,0.75,15.0,0.2617993877991494
315,10.5105,0.3780299152,0.04488822103,0.4886557123,0.8400671586,-0.11062579709999998,-0.79517893757,0.8028372249335255,0.13823337476200484,0.7616291049687258,-0.16496000033015273,1626,0.75,15.0,0.2617993877991494
316,10.54386667,0.3613734701,0.04746623804,0.4886524921,0.8400640431,-0.12727902200000002,-0.79259780506,0.8027522843487935,0.15922524317510442,0.722681144523468,-0.5081282815732877,1626,0.75,15.0,0.2617993877991494
317,10.57723333,0.3468029115,0.049887576100000004,0.48865948649999996,0.8400478875,-0.14185657499999998,-0.7901603114,0.8027930029481296,0.17763654061115833,0.6726495445925745,-0.8408928929047909,1626,0.75,15.0,0.2617993877991494
318,10.6106,0.3345438851,0.05224386592,0.4886660378,0.8400446509,-0.15412215270000001,-0.7878007849800001,0.8027351460899083,0.19319585524980848,0.6102402111579124,-1.173004689018907,1626,0.75,15.0,0.2617993877991494
319,10.64396667,0.3248425337,0.054386412470000006,0.4886767536,0.8400330116,-0.16383421990000002,-0.78564659913,0.8025473383762334,0.2055879351462005,0.5403751954841832,-1.4953451029351021,1626,0.75,15.0,0.2617993877991494
320,10.67733333,0.3172480294,0.0557093409,0.4886759981,0.8400322463,-0.1714279687,-0.7843229053999999,0.8028386938779828,0.2151841016186777,0.4612432101784956,-1.8005152136307674,1626,0.75,15.0,0.2617993877991494
321,10.7107,0.312952305,0.05697265789,0.4886835944,0.8400125911,-0.1757312894,-0.78303993321,0.8025166808706893,0.22076410582563438,0.3688642747420169,-2.1207802263843303,1626,0.75,15.0,0.2617993877991494
322,10.74406667,0.31065777,0.057365105070000005,0.4886905815,0.8399910345,-0.1780328115,-0.78262592943,0.8026201015341977,0.22367497858682348,0.2759546456129039,-2.3777913647340605,1626,0.75,15.0,0.2617993877991494
323,10.77743333,0.3108334633,0.057365100229999993,0.48869945810000004,0.8399707777,-0.17786599480000004,-0.78260567747,0.8025633672891327,0.22347789890933514,0.18151078747185384,-2.569807248829073,1626,0.75,15.0,0.2617993877991494
324,10.8108,0.31350844170000003,0.05713786217999999,0.4887042969,0.8399594086,-0.17519585519999997,-0.78282154642,0.8021864878060834,0.22017245018576445,0.08741966183358157,-2.715017912489224,1626,0.75,15.0,0.2617993877991494
325,10.84416667,0.3195892038,0.056593576720000004,0.4887125928,0.8399359044,-0.169123389,-0.78334232768,0.8013912421794774,0.2126359685590187,-0.015273523307293743,-2.8562438714189717,1626,0.75,15.0,0.2617993877991494
326,10.87753333,0.3274869084,0.05487641235,0.4887261277,0.8399285719,-0.16123921930000001,-0.7850521595500001,0.8014393171379803,0.2025696081018284,-0.10905795020421942,-2.8646692533578704,1626,0.75,15.0,0.2617993877991494
327,10.9109,0.33846329840000006,0.053027773439999995,0.48872206560000003,0.8399163934,-0.15025876719999998,-0.78688861996,0.8011063583214261,0.18868161102914519,-0.20975043393709156,-2.9113188673008272,1626,0.75,15.0,0.2617993877991494
328,10.94426667,0.3512443471,0.05148832909,0.48872723630000003,0.8399185148999999,-0.1374828892,-0.7884301858099999,0.8003272472677476,0.1726396362938671,-0.30472482039993,-2.914498856923936,1626,0.75,15.0,0.2617993877991494
329,10.97763333,0.3661279014,0.04968906637,0.4887284838,0.8399192538,-0.12260058239999999,-0.79023018743,0.7996840950840977,0.15391829050811898,-0.3971279095818668,-2.9043816277412344,1626,0.75,15.0,0.2617993877991494
330,11.011,0.3824651,0.04753603168000001,0.48873101020000004,0.8399125629,-0.10626591020000004,-0.7923765312200001,0.7994704565516315,0.13331491893228883,-0.47545079941588975,-2.7583050757453638,1626,0.75,15.0,0.2617993877991494
331,11.04436667,0.4009505197,0.04532557618,0.4887493411,0.8399389993999999,-0.0877988214,-0.79461342322,0.7994492638064256,0.11004610986853128,-0.5545863475935324,-2.6704996176681455,1626,0.75,15.0,0.2617993877991494
332,11.07773333,0.42055384490000003,0.043720806550000005,0.48874735119999996,0.839947728,-0.06819350629999993,-0.79622692145,0.7991418301798702,0.08543732529991813,-0.6188469911536308,-2.452127706018855,1626,0.75,15.0,0.2617993877991494
333,11.1111,0.4410699496,0.042776541060000006,0.4887600773,0.8399831881000001,-0.047690127699999973,-0.7972066470400001,0.7986318215328022,0.05975033134726227,-0.6766591029107814,-2.229376096031381,1626,0.75,15.0,0.2617993877991494
334,11.14446667,0.46205693200000003,0.04233221761,0.4887671197,0.8400040166,-0.026710187699999943,-0.79767179899,0.7981188714915292,0.033472678166807796,-0.7219516502025097,-1.94699525377059,1626,0.75,15.0,0.2617993877991494
335,11.17783333,0.48359830509999996,0.042354330679999996,0.48876126770000006,0.8400122464,-0.005162962600000098,-0.7976579157200001,0.7976746245767028,0.006472562233624031,-0.7602939982525251,-1.7073521823079163,1626,0.75,15.0,0.2617993877991494
336,11.2112,0.5052314484,0.042805247639999995,0.488758223,0.8400441393000001,0.016473225400000013,-0.7972388916600001,0.7974090653675469,-0.020659907262804228,-0.783452571870896,-1.3718253830985636,1626,0.75,15.0,0.2617993877991494
337,11.24456667,0.5266553771,0.043292221680000006,0.4887494317,0.8400375070999999,0.037905945399999974,-0.7967452854199999,0.7976464821809627,-0.04754014257014013,-0.7970676598537412,-1.068255649725386,1626,0.75,15.0,0.2617993877991494
338,11.27793333,0.5474734471,0.04518421897,0.4887522814,0.8400478274,0.05872116570000002,-0.7948636084299999,0.7970296928644045,-0.07374181858917314,-0.8001529067424398,-0.7402227482862023,1626,0.75,15.0,0.2617993877991494
339,11.3113,0.5670967706000001,0.04755411263999999,0.48873706570000003,0.8400246376999999,0.07835970490000005,-0.7924705250599999,0.796335216125023,-0.09855989322541261,-0.7914039452676714,-0.4162974313299016,1626,0.75,15.0,0.2617993877991494
340,11.34466667,0.5868711025,0.049773537230000005,0.488736312,0.840021322,0.09813479049999996,-0.79024778477,0.7963177747861536,-0.12354979744559925,-0.7793547254144222,-0.11425010144492125,1626,0.75,15.0,0.2617993877991494
341,11.37803333,0.6037976192,0.05204482321000001,0.4887398745,0.8400286240000001,0.11505774469999996,-0.7879838007900001,0.7963395977363583,-0.14499073755506392,-0.7452398909106547,0.2290470844863897,1626,0.75,15.0,0.2617993877991494
342,11.4114,0.6195261927,0.05434554447000001,0.4887342525,0.8400286298,0.13079194019999996,-0.7856830853300001,0.7964950986634812,-0.16495642453962006,-0.7037938276098592,0.5590838537011861,1626,0.75,15.0,0.2617993877991494
343,11.44476667,0.632885602,0.05689183022999999,0.48873497850000003,0.8400239181999999,0.14415062349999996,-0.7831320879699999,0.7962884335865306,-0.1820317753486003,-0.649090585062451,0.9054683711619496,1626,0.75,15.0,0.2617993877991494
344,11.47813333,0.6444157307,0.05916486409,0.48873261490000003,0.8399934021,0.1556831158,-0.78082853801,0.7961974870068544,-0.19680120953997454,-0.5888591565026914,1.2140549204803703,1626,0.75,15.0,0.2617993877991494
345,11.5115,0.653721337,0.061164905039999995,0.4887374438,0.8399921185,0.1649838932,-0.7788272134600001,0.7961102395028578,-0.2087503047395503,-0.5106923003940891,1.6103640250605624,1626,0.75,15.0,0.2617993877991494
346,11.54486667,0.6607477206,0.06231067427999999,0.4887409223,0.8399980875,0.17200679829999999,-0.77768741322,0.7964822981976636,-0.21767297150208798,-0.4356577024139658,1.8556373081083246,1626,0.75,15.0,0.2617993877991494
347,11.57823333,0.6653571587,0.06345278994,0.4887349423,0.8399841118000001,0.17662221640000003,-0.7765313218600001,0.7963644273545168,-0.22364536527468687,-0.3517819328339478,2.109961828818989,1626,0.75,15.0,0.2617993877991494
348,11.6116,0.6675925074,0.06390226766,0.4887346003,0.8399731356999999,0.1788579071,-0.7760708680399999,0.7964145548346987,-0.2265108791890241,-0.26660798839335376,2.2926027480063396,1626,0.75,15.0,0.2617993877991494
349,11.64496667,0.6672938076,0.06380212451,0.4887263638,0.8399532601,0.1785674438,-0.77615113559,0.7964275969998232,-0.2261328535086896,-0.17581403219868086,2.4757947035409598,1626,0.75,15.0,0.2617993877991494
350,11.67833333,0.6638472913,0.06228467705,0.4887217649,0.8399442645999999,0.17512552639999995,-0.77765958755,0.7971344830737868,-0.22150062044049446,-0.076425484006757,2.60299842050328,1626,0.75,15.0,0.2617993877991494
351,11.7117,0.658361648,0.060714633600000005,0.4887152829,0.8399265184999999,0.16964636509999997,-0.7792118848999999,0.7974653915757431,-0.21437005703613846,0.01979768712879985,2.7300020621940924,1626,0.75,15.0,0.2617993877991494
352,11.74506667,0.6497476984,0.05905272624,0.4887139513,0.8399230178,0.1610337471,-0.78087029156,0.7973018750423619,-0.20337239928330408,0.12151626752914367,2.836951966516881,1626,0.75,15.0,0.2617993877991494
353,11.77843333,0.6395938536,0.056808689120000005,0.48871256119999995,0.8399228690999999,0.15088129240000003,-0.7831141799799999,0.7975167605022743,-0.1903360298913225,0.21683230684582327,2.8977446063775707,1626,0.75,15.0,0.2617993877991494
354,11.8118,0.626218155,0.05410909455,0.4887036953,0.8399228087999999,0.13751445969999998,-0.7858137142499999,0.7977552382341111,-0.17324203591659743,0.31702784600377065,2.9540968769281415,1626,0.75,15.0,0.2617993877991494
355,11.84516667,0.6115714147,0.05185387133,0.48869967200000003,0.8399407489,0.12287174269999995,-0.7880868775700001,0.7976079185615996,-0.1546662121649919,0.40060580378865346,2.8593281127269705,1626,0.75,15.0,0.2617993877991494
356,11.87853333,0.5949427815999999,0.04909935803999999,0.4886923993,0.8399372799,0.10625038229999989,-0.79083792186,0.7979434581414523,-0.13355193123082654,0.48442442728946217,2.784976021937207,1626,0.75,15.0,0.2617993877991494
357,11.9119,0.5760902054,0.04633926978999999,0.48868409700000004,0.839950942,0.08740610839999996,-0.79361167221,0.7984104921990849,-0.10969501094603215,0.5615027711022618,2.6372814762343695,1626,0.75,15.0,0.2617993877991494
358,11.94526667,0.5569908561,0.04412604284,0.4886812592,0.8399502727,0.06830959689999999,-0.79582422986,0.7987505279252732,-0.08562515641932036,0.6276375405277083,2.4623687870672724,1626,0.75,15.0,0.2617993877991494
359,11.97863333,0.5360568971,0.04258625805,0.4886767856,0.8399634401,0.047380111500000044,-0.79737718205,0.798783603624756,-0.059350164846029715,0.6826686942629108,2.1916538740116938,1626,0.75,15.0,0.2617993877991494
360,12.012,0.5144249918,0.04107506362,0.4886639374,0.8399956243000001,0.025761054399999983,-0.7989205606800001,0.7993357831356266,-0.032233657591222833,0.7338613926637847,1.9975357976994346,1626,0.75,15.0,0.2617993877991494
361,12.04536667,0.4930629875,0.04064519612,0.4886666339,0.8400033409000001,0.004396353600000014,-0.7993581447800001,0.799370234341447,-0.005499799185080991,0.7675451703496194,1.6970272613968487,1626,0.75,15.0,0.2617993877991494
362,12.07873333,0.4714801914,0.04061580054,0.48866229,0.8400083279999999,-0.017182098599999973,-0.7993925274599999,0.7995771616743357,0.021490635400224785,0.7863277076354386,1.3476022864330695,1626,0.75,15.0,0.2617993877991494
363,12.1121,0.45026260479999997,0.04087527229,0.4886642467,0.8400344720999999,-0.03840164190000006,-0.7991591998099999,0.8000813163307685,0.04801562155762085,0.8010435442130932,1.0393965216510244,1626,0.75,15.0,0.2617993877991494
364,12.14546667,0.42960586799999995,0.042248608480000005,0.4886542015,0.8400650936,-0.05904833350000005,-0.79781648512,0.7999986560103451,0.07387772563769834,0.7985686943511612,0.6947052258331594,1626,0.75,15.0,0.2617993877991494
365,12.17883333,0.4096089935,0.04405473501,0.4886653453,0.8400487934,-0.07905635179999998,-0.79599405839,0.7999102748134369,0.0989931279689622,0.7865742963795807,0.3159615239631153,1626,0.75,15.0,0.2617993877991494
366,12.2122,0.39124938600000003,0.04551356342,0.4886655929,0.840058823,-0.09741620689999997,-0.79454525958,0.8004949012253815,0.12199737153585104,0.7642187291745575,-0.019938706350149393,1626,0.75,15.0,0.2617993877991494
367,12.24556667,0.3742921486,0.04777627190000001,0.488667229,0.8400713186,-0.1143750804,-0.7922950467,0.8005080262195137,0.14336876165982707,0.730538146357415,-0.3344029312965372,1626,0.75,15.0,0.2617993877991494
368,12.27893333,0.3588334192,0.050126741100000004,0.48867129670000004,0.8400531823999999,-0.12983787750000003,-0.7899264412999999,0.8005258628542785,0.16291037990859536,0.6886800078340433,-0.673507845130763,1626,0.75,15.0,0.2617993877991494
369,12.3123,0.3457018419,0.05246829241999999,0.4886692503,0.8400413514,-0.14296740840000005,-0.7875730589800001,0.80044425358405,0.1795736295550006,0.6335418183312775,-0.9891719852168469,1626,0.75,15.0,0.2617993877991494
370,12.34566667,0.3345575757,0.05462448958,0.48866229130000005,0.8400155817,-0.15410471560000005,-0.78539109212,0.8003670601365371,0.1937525240440867,0.5679883313206029,-1.3102054538794599,1626,0.75,15.0,0.2617993877991494
371,12.37903333,0.3258808888,0.056432318210000006,0.4886653978,0.8400161576999999,-0.16278450900000002,-0.7835838394899999,0.8003139570695121,0.20483009779393513,0.4964999568915988,-1.6047082463929854,1626,0.75,15.0,0.2617993877991494
372,12.4124,0.3194890149,0.05763094204,0.4886708929,0.8400052619,-0.169181878,-0.7823743198600001,0.8004574218657757,0.2129626035553655,0.4171458637948568,-1.8784750324953774,1626,0.75,15.0,0.2617993877991494
373,12.44576667,0.31592589719999997,0.05883205029,0.48866829549999996,0.8399966709000001,-0.1727423983,-0.78116462061,0.8000363120903957,0.21763211173135483,0.32800235578054676,-2.1619037923382924,1626,0.75,15.0,0.2617993877991494
374,12.47913333,0.315086591,0.05940413371,0.4886827392,0.8399773589,-0.17359614819999997,-0.78057322519,0.7996437847900745,0.2188342775782346,0.23532860659852456,-2.386892854920135,1626,0.75,15.0,0.2617993877991494
375,12.5125,0.3159425734,0.05939871691,0.4886933009,0.8399635326,-0.17275072750000003,-0.78056481569,0.7994524659696428,0.21780428147241312,0.14416636378953593,-2.540391159987335,1626,0.75,15.0,0.2617993877991494
376,12.54586667,0.3202348955,0.05916731245,0.48870397619999995,0.8399363206999999,-0.16846908069999994,-0.78076900825,0.7987378014064388,0.21251514571060257,0.0460642186749071,-2.699914245063558,1626,0.75,15.0,0.2617993877991494
377,12.57923333,0.3267693571,0.05772630641,0.4887038678,0.8399230854999999,-0.16193451070000003,-0.78219677909,0.7987831914696369,0.2041414248271969,-0.05287420873511932,-2.8173036949457613,1626,0.75,15.0,0.2617993877991494
378,12.6126,0.33600116469999997,0.05631017791,0.4887082802,0.8399178902,-0.15270711550000005,-0.7836077122899999,0.7983486142561391,0.19246477475207496,-0.1508531536367204,-2.870262506970271,1626,0.75,15.0,0.2617993877991494
379,12.64596667,0.3474211378,0.05470092878,0.4887166587,0.8399078455,-0.14129552089999997,-0.78520691672,0.7978184795373765,0.17804146765994938,-0.244512322735746,-2.876169119269484,1626,0.75,15.0,0.2617993877991494
380,12.67933333,0.36063114890000003,0.05257880661,0.4887326132,0.8399028555,-0.12810146429999997,-0.78732404889,0.7976773427372419,0.16129150639626683,-0.3387379802242442,-2.8945321108781847,1626,0.75,15.0,0.2617993877991494
381,12.7127,0.3763076732,0.0503611678,0.48873864359999997,0.8399121918000001,-0.11243097039999994,-0.7895510240000001,0.7975158572746591,0.14144766614107973,-0.42597885596329366,-2.8294287361502226,1626,0.75,15.0,0.2617993877991494
382,12.74606667,0.3935605355,0.04843571222,0.4887490597,0.8399278098999999,-0.09518852420000001,-0.79149209768,0.7971954564780588,0.11968981608334457,-0.5062033984443366,-2.7172576089206615,1626,0.75,15.0,0.2617993877991494
383,12.77943333,0.4121099351,0.04689183068,0.4887603331,0.8399432526999999,-0.07665039800000001,-0.7930514220199999,0.796747037322074,0.09635320363827092,-0.5760934484530523,-2.5488933852913416,1626,0.75,15.0,0.2617993877991494
384,12.8128,0.4318016418,0.04540425813,0.4887636151,0.8399607311,-0.05696197329999997,-0.79455647297,0.7965956660318685,0.07156783662873376,-0.6382035188481026,-2.359787153541916,1626,0.75,15.0,0.2617993877991494
385,12.84616667,0.45239908939999995,0.0449215443,0.4887634401,0.8399857639,-0.03636435070000005,-0.7950642196000001,0.7958953946907783,0.04570577363729533,-0.6928215057658852,-2.1223785624494576,1626,0.75,15.0,0.2617993877991494
386,12.87953333,0.473058335,0.04453131517,0.4887633197,0.8400145184000001,-0.01570498469999998,-0.7954832032300001,0.7956382175118846,0.019740133603992897,-0.7295158253004139,-1.8194027771262213,1626,0.75,15.0,0.2617993877991494
387,12.9129,0.4945628279,0.04494661639999999,0.48874805270000005,0.8400365228,0.005814775199999955,-0.7950899064,0.7951111688750117,-0.007313225194336415,-0.7612569146257387,-1.52879215205708,1626,0.75,15.0,0.2617993877991494
388,12.94626667,0.5163606391,0.045310911749999995,0.4887531226,0.8400555551000001,0.027607516499999984,-0.7947446433500001,0.7952240081265257,-0.034723631164789534,-0.7856752549958524,-1.2562344791542153,1626,0.75,15.0,0.2617993877991494
389,12.97963333,0.5371597367000001,0.04630764674,0.48874179729999995,0.8400474987000001,0.04841793940000011,-0.7937398519600001,0.7952152220909915,-0.06092426768242893,-0.7941586260726174,-0.9347960342720093,1626,0.75,15.0,0.2617993877991494
390,13.013,0.556900619,0.047786643780000006,0.48874746490000004,0.8400183659999999,0.06815315409999995,-0.7922317222199999,0.7951578171064191,-0.08581551313322386,-0.7883393024867095,-0.5725341888826502,1626,0.75,15.0,0.2617993877991494
391,13.04636667,0.5762705479,0.04999484524,0.48874232450000005,0.8400177555,0.08752822339999994,-0.79002291026,0.7948568353025848,-0.11034199704171757,-0.7797129929100647,-0.30088209347622097,1626,0.75,15.0,0.2617993877991494
392,13.07973333,0.5940418233,0.05221341837,0.4887577845,0.8400392793000001,0.10528403879999998,-0.7878258609300001,0.7948297402438687,-0.1328515716412011,-0.7524777514253024,0.052622367359733926,1626,0.75,15.0,0.2617993877991494
393,13.1131,0.6103422757,0.05442952171,0.4887488978,0.8400174933,0.12159337789999997,-0.7855879715899999,0.7949423945519718,-0.1535615435443088,-0.7123150879576592,0.43972123702002525,1626,0.75,15.0,0.2617993877991494
394,13.14646667,0.6252510892,0.05680892468,0.4887516689,0.8400298054,0.13649942030000006,-0.7832208807200001,0.7950264396471658,-0.17254658585986718,-0.6690647773807447,0.7498132039659247,1626,0.75,15.0,0.2617993877991494
395,13.17983333,0.6376750349,0.05918151776,0.4887491671,0.8400078336,0.1489258678,-0.78082631584,0.7949016603380888,-0.18846501420234194,-0.6152818476234782,1.037307629011946,1626,0.75,15.0,0.2617993877991494
396,13.2132,0.6478219766,0.061048721289999996,0.4887389588,0.8400034562,0.15908301779999995,-0.7789547349100001,0.7950332606822582,-0.2014559558824669,-0.5461375608698483,1.4000523998361716,1626,0.75,15.0,0.2617993877991494
397,13.24656667,0.655646689,0.062311695429999994,0.4887364305,0.8400060293000001,0.16691025850000002,-0.7776943338700001,0.7954039925258358,-0.21141476562118142,-0.4709082085804868,1.687729358937049,1626,0.75,15.0,0.2617993877991494
398,13.27993333,0.661283295,0.06382314802,0.48872392659999997,0.8399919901,0.17255936840000008,-0.77616884208,0.7951193665346198,-0.21876397599381964,-0.39082384901281597,1.9270207982749212,1626,0.75,15.0,0.2617993877991494
399,13.3133,0.6646846795,0.06441776452999999,0.4887162504,0.8399689859,0.1759684291,-0.77555122137,0.7952638461595123,-0.22311707168394762,-0.3031197648676422,2.1934763793516616,1626,0.75,15.0,0.2617993877991494
400,13.34666667,0.665286856,0.06438088801,0.4887568299,0.8402058853000001,0.17653002610000001,-0.7758249972900001,0.7956552498003738,-0.22372926885658842,-0.21137413265541247,2.4210250226832484,1626,0.75,15.0,0.2617993877991494
401,13.38003333,0.6633645584000001,0.06272222927,0.4887495108,0.8397080139,0.17461504760000007,-0.77698578463,0.7963650697798385,-0.22106115252821718,-0.11751368968754952,2.5691745663623125,1626,0.75,15.0,0.2617993877991494
402,13.4134,0.6588412508,0.06139820041,0.4887328992,0.8397954959,0.17010835159999999,-0.77839729549,0.7967679718150169,-0.21515410105124053,-0.022413596742252077,2.6882791230784617,1626,0.75,15.0,0.2617993877991494
403,13.44676667,0.6520625996,0.059751473310000004,0.4887403951,0.8399335772,0.1633222045,-0.78018210389,0.7970936317102066,-0.2063586152546177,0.07435779920022959,2.7883013091389004,1626,0.75,15.0,0.2617993877991494
404,13.48013333,0.6428867936,0.057433622149999995,0.4887193406,0.8399239504000001,0.154167453,-0.7824903282500001,0.7975328942239938,-0.19453002681509535,0.17135095253078125,2.8439808922945415,1626,0.75,15.0,0.2617993877991494
405,13.5135,0.6308757634000001,0.054624226639999995,0.4886724419,0.839894378,0.1422033215000001,-0.78527015136,0.7980419758775786,-0.17914698803590828,0.2672264317696588,2.8687343653115733,1626,0.75,15.0,0.2617993877991494
406,13.54686667,0.6176513234000001,0.05249237931,0.48864864880000003,0.8398732444,0.12900267460000003,-0.78738086509,0.797878635359934,-0.16239491870945255,0.3516457220259959,2.812144045021892,1626,0.75,15.0,0.2617993877991494
407,13.58023333,0.6019790492,0.05000962429,0.4886771523,0.8399610153,0.11330189690000003,-0.78995139101,0.7980354127479382,-0.14245737862622723,0.43574467702198844,2.746203987838369,1626,0.75,15.0,0.2617993877991494
408,13.6136,0.5852012196999999,0.0474753022,0.4887146907,0.8399923812000001,0.09648652899999993,-0.7925170790000001,0.7983689440259812,-0.12115070933448312,0.5107366477993524,2.6156571728562055,1626,0.75,15.0,0.2617993877991494
409,13.64696667,0.5666308773,0.04475831966,0.4886360517,0.8398895456000001,0.07799482559999993,-0.7951312259400001,0.7989473445010139,-0.0977777107594679,0.5799339044359483,2.449048418108092,1626,0.75,15.0,0.2617993877991494
410,13.68033333,0.5468945092999999,0.04364844526000001,0.48862953049999996,0.8399126946,0.05826497879999998,-0.79626424934,0.798393112778134,-0.0730427401732226,0.6359896247492824,2.2103692307208402,1626,0.75,15.0,0.2617993877991494
411,13.7137,0.5264462529999999,0.04298368857,0.48869580869999996,0.8406616238,0.03775044429999996,-0.79767793523,0.7985707134610206,-0.047290137134080694,0.6899386817765979,2.0277298259047574,1626,0.75,15.0,0.2617993877991494
412,13.74706667,0.5051483929999999,0.04335230409,0.4887838972,0.8422694384,0.016364495799999934,-0.79891713431,0.7990847165456806,-0.020480481646188226,0.7311301785886007,1.7705422900553245,1626,0.75,15.0,0.2617993877991494
413,13.78043333,0.4840709705,0.04495817344,0.48894965869999996,0.8442299489,-0.004878688199999981,-0.7992717754600001,0.7992866648740823,0.006103840722790225,0.7627646882084008,1.5106578866992315,1626,0.75,15.0,0.2617993877991494
414,13.8138,0.4627609835,0.04506191977,0.4889621429,0.8447487239,-0.026201159400000007,-0.79968680413,0.8001159200100678,0.03275255971454642,0.7823991454586837,1.2135777470315623,1626,0.75,15.0,0.2617993877991494
415,13.84716667,0.4419715136,0.045047574709999996,0.48884985649999996,0.8438914611,-0.04687834289999998,-0.79884388639,0.8002181789085582,0.05861551115852585,0.789160268805671,0.9181056668609201,1626,0.75,15.0,0.2617993877991494
416,13.88053333,0.422246884,0.047355884230000006,0.4888011365,0.8443581229000001,-0.06655425250000002,-0.7970022386700001,0.7997762418144375,0.08331243560854275,0.7828327602620213,0.5568077744995905,1626,0.75,15.0,0.2617993877991494
417,13.9139,0.40327465560000003,0.04775888103,0.4887751292,0.8445635604999999,-0.08550047359999996,-0.7968046794699999,0.8013788294003739,0.10689516293072672,0.7634903008116605,0.19396674719449414,1626,0.75,15.0,0.2617993877991494
418,13.94726667,0.3862097307,0.04791335991,0.4886036732,0.8437293593,-0.1023939425,-0.79581599939,0.8023762361547093,0.12796230958554283,0.7304203198146811,-0.19387231865643076,1626,0.75,15.0,0.2617993877991494
419,13.98063333,0.3698201836,0.047944881200000004,0.4885401325,0.8425097968999999,-0.11871994889999998,-0.7945649157,0.8033852323313933,0.1483178108485489,0.6926989463973986,-0.5376636382621671,1626,0.75,15.0,0.2617993877991494
420,14.014,0.3556999486,0.047915069969999995,0.48686798979999996,0.8384113943000001,-0.13116804119999997,-0.7904963243300002,0.8013048694544953,0.1644330491704724,0.6342708937508498,-0.9284077497384263,1626,0.75,15.0,0.2617993877991494
